timestamp,soil_moisture,temperature,light_level
2026-01-01 00:00:00+00:00,65.0,21.01,2.86
2026-01-01 00:15:00+00:00,65.0,21.02,0.0
2026-01-01 00:30:00+00:00,64.91,20.67,1.49
2026-01-01 00:45:00+00:00,64.86,20.66,0.0
2026-01-01 01:00:00+00:00,64.76,20.37,0.0
2026-01-01 01:15:00+00:00,64.63,20.34,0.0
2026-01-01 01:30:00+00:00,64.42,20.38,2.47
2026-01-01 01:45:00+00:00,64.45,19.72,0.62
2026-01-01 02:00:00+00:00,64.6,20.05,0.73
2026-01-01 02:15:00+00:00,64.43,20.01,2.72
2026-01-01 02:30:00+00:00,64.43,20.0,2.31
2026-01-01 02:45:00+00:00,64.41,20.17,1.53
2026-01-01 03:00:00+00:00,64.32,20.79,0.0
2026-01-01 03:15:00+00:00,64.01,20.2,0.0
2026-01-01 03:30:00+00:00,63.72,20.89,0.0
2026-01-01 03:45:00+00:00,63.52,20.26,1.46
2026-01-01 04:00:00+00:00,63.11,20.84,0.34
2026-01-01 04:15:00+00:00,63.22,21.2,0.0
2026-01-01 04:30:00+00:00,63.17,21.56,0.0
2026-01-01 04:45:00+00:00,63.06,21.84,0.0
2026-01-01 05:00:00+00:00,62.62,22.14,0.0
2026-01-01 05:15:00+00:00,62.23,22.08,0.0
2026-01-01 05:30:00+00:00,62.12,22.35,1.06
2026-01-01 05:45:00+00:00,62.29,23.07,0.76
2026-01-01 06:00:00+00:00,62.06,23.08,3.82
2026-01-01 06:15:00+00:00,62.05,23.1,6.24
2026-01-01 06:30:00+00:00,61.85,23.51,8.22
2026-01-01 06:45:00+00:00,61.71,23.94,15.18
2026-01-01 07:00:00+00:00,61.73,24.74,15.17
2026-01-01 07:15:00+00:00,61.51,25.01,20.39
2026-01-01 07:30:00+00:00,61.23,25.57,27.23
2026-01-01 07:45:00+00:00,61.27,25.62,26.39
2026-01-01 08:00:00+00:00,61.09,26.19,34.64
2026-01-01 08:15:00+00:00,61.05,26.72,36.53
2026-01-01 08:30:00+00:00,60.74,26.83,42.46
2026-01-01 08:45:00+00:00,60.74,27.45,43.62
2026-01-01 09:00:00+00:00,60.56,27.5,49.94
2026-01-01 09:15:00+00:00,60.4,27.96,52.23
2026-01-01 09:30:00+00:00,60.19,28.32,57.87
2026-01-01 09:45:00+00:00,59.88,28.44,57.73
2026-01-01 10:00:00+00:00,59.63,29.29,58.58
2026-01-01 10:15:00+00:00,59.31,29.33,61.77
2026-01-01 10:30:00+00:00,59.2,29.8,61.45
2026-01-01 10:45:00+00:00,58.9,30.24,66.55
2026-01-01 11:00:00+00:00,58.41,30.52,68.23
2026-01-01 11:15:00+00:00,57.87,30.85,73.02
2026-01-01 11:30:00+00:00,57.34,30.87,67.58
2026-01-01 11:45:00+00:00,57.15,31.0,68.73
2026-01-01 12:00:00+00:00,56.7,31.31,68.27
2026-01-01 12:15:00+00:00,56.46,31.02,69.69
2026-01-01 12:30:00+00:00,56.2,31.25,69.59
2026-01-01 12:45:00+00:00,55.9,31.43,67.98
2026-01-01 13:00:00+00:00,55.68,31.64,69.23
2026-01-01 13:15:00+00:00,55.41,32.15,64.5
2026-01-01 13:30:00+00:00,54.71,31.82,66.11
2026-01-01 13:45:00+00:00,54.37,32.02,63.34
2026-01-01 14:00:00+00:00,54.14,32.53,60.09
2026-01-01 14:15:00+00:00,54.09,32.02,57.09
2026-01-01 14:30:00+00:00,54.05,32.31,59.93
2026-01-01 14:45:00+00:00,53.57,31.75,50.56
2026-01-01 15:00:00+00:00,53.23,31.88,49.68
2026-01-01 15:15:00+00:00,52.72,31.54,44.27
2026-01-01 15:30:00+00:00,52.67,31.58,45.83
2026-01-01 15:45:00+00:00,52.55,31.77,40.34
2026-01-01 16:00:00+00:00,52.34,30.82,33.35
2026-01-01 16:15:00+00:00,52.1,31.26,31.73
2026-01-01 16:30:00+00:00,52.05,30.97,27.08
2026-01-01 16:45:00+00:00,51.98,30.47,21.28
2026-01-01 17:00:00+00:00,51.92,29.95,19.48
2026-01-01 17:15:00+00:00,51.75,30.12,14.32
2026-01-01 17:30:00+00:00,51.47,29.64,9.49
2026-01-01 17:45:00+00:00,51.36,29.54,4.46
2026-01-01 18:00:00+00:00,51.26,29.15,0.86
2026-01-01 18:15:00+00:00,51.01,29.28,0.46
2026-01-01 18:30:00+00:00,50.75,28.37,0.12
2026-01-01 18:45:00+00:00,50.73,27.76,0.0
2026-01-01 19:00:00+00:00,50.78,27.75,3.39
2026-01-01 19:15:00+00:00,50.48,27.38,0.0
2026-01-01 19:30:00+00:00,50.25,27.33,0.86
2026-01-01 19:45:00+00:00,50.12,26.78,0.0
2026-01-01 20:00:00+00:00,50.01,26.25,3.52
2026-01-01 20:15:00+00:00,49.76,26.19,0.0
2026-01-01 20:30:00+00:00,49.89,25.0,0.0
2026-01-01 20:45:00+00:00,49.8,24.78,0.0
2026-01-01 21:00:00+00:00,49.74,24.31,0.65
2026-01-01 21:15:00+00:00,49.86,24.1,0.0
2026-01-01 21:30:00+00:00,49.66,23.43,0.0
2026-01-01 21:45:00+00:00,49.51,23.68,0.0
2026-01-01 22:00:00+00:00,49.2,23.07,0.48
2026-01-01 22:15:00+00:00,49.06,22.37,0.0
2026-01-01 22:30:00+00:00,48.72,22.18,0.0
2026-01-01 22:45:00+00:00,48.72,22.28,2.17
2026-01-01 23:00:00+00:00,48.67,22.15,0.0
2026-01-01 23:15:00+00:00,48.51,22.23,1.59
2026-01-01 23:30:00+00:00,48.38,22.26,0.0
2026-01-01 23:45:00+00:00,48.4,21.28,3.2
2026-01-02 00:00:00+00:00,48.14,20.13,1.5
2026-01-02 00:15:00+00:00,48.09,19.6,0.0
2026-01-02 00:30:00+00:00,48.12,20.16,0.0
2026-01-02 00:45:00+00:00,47.77,19.7,1.21
2026-01-02 01:00:00+00:00,47.79,19.7,0.0
2026-01-02 01:15:00+00:00,47.46,19.55,0.0
2026-01-02 01:30:00+00:00,47.36,19.63,2.54
2026-01-02 01:45:00+00:00,47.11,19.95,0.0
2026-01-02 02:00:00+00:00,47.24,19.67,0.18
2026-01-02 02:15:00+00:00,46.99,19.59,1.91
2026-01-02 02:30:00+00:00,46.66,19.36,1.62
2026-01-02 02:45:00+00:00,46.6,19.23,0.0
2026-01-02 03:00:00+00:00,46.46,19.68,0.0
2026-01-02 03:15:00+00:00,46.15,19.92,0.0
2026-01-02 03:30:00+00:00,46.14,20.61,0.0
2026-01-02 03:45:00+00:00,45.76,20.28,0.64
2026-01-02 04:00:00+00:00,45.51,20.72,0.0
2026-01-02 04:15:00+00:00,45.34,20.48,0.15
2026-01-02 04:30:00+00:00,45.37,20.51,2.08
2026-01-02 04:45:00+00:00,45.47,20.82,0.0
2026-01-02 05:00:00+00:00,45.54,21.16,0.0
2026-01-02 05:15:00+00:00,45.4,22.3,0.38
2026-01-02 05:30:00+00:00,44.93,21.72,0.0
2026-01-02 05:45:00+00:00,44.87,22.54,2.86
2026-01-02 06:00:00+00:00,44.98,22.35,1.82
2026-01-02 06:15:00+00:00,45.03,23.25,6.87
2026-01-02 06:30:00+00:00,44.96,23.44,16.15
2026-01-02 06:45:00+00:00,44.64,23.65,15.77
2026-01-02 07:00:00+00:00,44.41,24.06,24.89
2026-01-02 07:15:00+00:00,44.54,24.25,31.66
2026-01-02 07:30:00+00:00,44.15,24.97,34.99
2026-01-02 07:45:00+00:00,43.8,25.09,43.16
2026-01-02 08:00:00+00:00,43.76,25.25,45.9
2026-01-02 08:15:00+00:00,43.5,25.63,54.84
2026-01-02 08:30:00+00:00,43.12,26.46,60.69
2026-01-02 08:45:00+00:00,43.13,27.27,63.99
2026-01-02 09:00:00+00:00,42.98,27.22,64.34
2026-01-02 09:15:00+00:00,42.69,27.51,70.41
2026-01-02 09:30:00+00:00,42.28,28.0,77.47
2026-01-02 09:45:00+00:00,42.34,28.67,80.05
2026-01-02 10:00:00+00:00,42.09,28.69,77.95
2026-01-02 10:15:00+00:00,42.04,28.83,88.79
2026-01-02 10:30:00+00:00,41.9,29.61,89.17
2026-01-02 10:45:00+00:00,41.55,29.71,89.48
2026-01-02 11:00:00+00:00,41.2,30.32,94.94
2026-01-02 11:15:00+00:00,41.13,30.19,93.02
2026-01-02 11:30:00+00:00,41.08,30.01,94.02
2026-01-02 11:45:00+00:00,40.51,30.2,96.74
2026-01-02 12:00:00+00:00,40.3,31.31,99.79
2026-01-02 12:15:00+00:00,39.97,31.52,99.27
2026-01-02 12:30:00+00:00,39.52,31.11,96.12
2026-01-02 12:45:00+00:00,39.27,31.19,95.3
2026-01-02 13:00:00+00:00,38.76,31.86,94.53
2026-01-02 13:15:00+00:00,38.4,31.17,88.6
2026-01-02 13:30:00+00:00,37.98,31.3,90.19
2026-01-02 13:45:00+00:00,37.61,31.8,84.83
2026-01-02 14:00:00+00:00,37.31,31.5,83.97
2026-01-02 14:15:00+00:00,36.86,31.61,79.55
2026-01-02 14:30:00+00:00,36.8,31.52,77.34
2026-01-02 14:45:00+00:00,36.59,31.61,72.58
2026-01-02 15:00:00+00:00,36.57,31.84,61.9
2026-01-02 15:15:00+00:00,36.26,31.33,63.8
2026-01-02 15:30:00+00:00,35.9,31.36,59.86
2026-01-02 15:45:00+00:00,35.9,30.39,54.35
2026-01-02 16:00:00+00:00,35.55,30.8,47.91
2026-01-02 16:15:00+00:00,35.26,30.36,45.84
2026-01-02 16:30:00+00:00,35.12,30.02,37.45
2026-01-02 16:45:00+00:00,34.69,29.87,31.81
2026-01-02 17:00:00+00:00,34.56,29.76,26.99
2026-01-02 17:15:00+00:00,34.41,29.85,19.5
2026-01-02 17:30:00+00:00,34.38,28.88,10.76
2026-01-02 17:45:00+00:00,34.3,28.96,1.42
2026-01-02 18:00:00+00:00,34.29,28.48,0.0
2026-01-02 18:15:00+00:00,34.07,28.18,1.52
2026-01-02 18:30:00+00:00,33.73,28.22,0.0
2026-01-02 18:45:00+00:00,33.85,27.71,1.6
2026-01-02 19:00:00+00:00,33.43,27.58,0.3
2026-01-02 19:15:00+00:00,33.03,26.75,2.58
2026-01-02 19:30:00+00:00,32.95,26.2,0.0
2026-01-02 19:45:00+00:00,33.02,25.95,0.94
2026-01-02 20:00:00+00:00,32.88,25.69,1.01
2026-01-02 20:15:00+00:00,32.87,25.28,3.0
2026-01-02 20:30:00+00:00,32.43,24.51,0.0
2026-01-02 20:45:00+00:00,32.2,24.48,0.0
2026-01-02 21:00:00+00:00,31.78,24.14,1.7
2026-01-02 21:15:00+00:00,31.75,24.45,3.09
2026-01-02 21:30:00+00:00,31.38,23.89,0.48
2026-01-02 21:45:00+00:00,31.06,22.71,0.0
2026-01-02 22:00:00+00:00,31.02,22.54,1.51
2026-01-02 22:15:00+00:00,31.07,21.85,1.74
2026-01-02 22:30:00+00:00,30.94,21.79,0.0
2026-01-02 22:45:00+00:00,30.92,21.76,0.66
2026-01-02 23:00:00+00:00,30.9,21.74,2.36
2026-01-02 23:15:00+00:00,30.77,20.89,3.78
2026-01-02 23:30:00+00:00,30.51,20.66,1.49
2026-01-02 23:45:00+00:00,30.52,19.99,0.09
2026-01-03 00:00:00+00:00,30.52,20.75,0.0
2026-01-03 00:15:00+00:00,30.57,20.3,1.11
2026-01-03 00:30:00+00:00,30.53,20.29,0.0
2026-01-03 00:45:00+00:00,30.27,20.05,0.38
2026-01-03 01:00:00+00:00,30.29,20.17,0.0
2026-01-03 01:15:00+00:00,30.21,19.58,2.59
2026-01-03 01:30:00+00:00,30.06,19.61,0.0
2026-01-03 01:45:00+00:00,89.35,20.65,0.0
2026-01-03 02:00:00+00:00,89.41,19.61,0.2
2026-01-03 02:15:00+00:00,89.11,19.68,3.98
2026-01-03 02:30:00+00:00,88.87,20.6,0.0
2026-01-03 02:45:00+00:00,88.73,20.98,0.0
2026-01-03 03:00:00+00:00,88.89,19.85,0.0
2026-01-03 03:15:00+00:00,88.97,20.2,3.32
2026-01-03 03:30:00+00:00,88.63,20.56,0.0
2026-01-03 03:45:00+00:00,88.74,21.13,0.0
2026-01-03 04:00:00+00:00,88.85,20.5,5.46
2026-01-03 04:15:00+00:00,88.58,20.93,1.18
2026-01-03 04:30:00+00:00,88.1,21.47,0.0
2026-01-03 04:45:00+00:00,87.98,21.62,0.0
2026-01-03 05:00:00+00:00,88.05,21.64,0.13
2026-01-03 05:15:00+00:00,88.18,22.0,1.69
2026-01-03 05:30:00+00:00,87.93,21.93,3.68
2026-01-03 05:45:00+00:00,88.08,22.59,0.78
2026-01-03 06:00:00+00:00,87.62,22.92,0.0
2026-01-03 06:15:00+00:00,87.43,23.41,6.23
2026-01-03 06:30:00+00:00,87.23,23.53,7.89
2026-01-03 06:45:00+00:00,87.25,24.21,11.81
2026-01-03 07:00:00+00:00,87.29,24.75,14.89
2026-01-03 07:15:00+00:00,87.27,24.87,19.74
2026-01-03 07:30:00+00:00,86.9,25.32,25.43
2026-01-03 07:45:00+00:00,86.85,25.62,29.11
2026-01-03 08:00:00+00:00,86.73,26.0,36.2
2026-01-03 08:15:00+00:00,86.29,26.17,37.13
2026-01-03 08:30:00+00:00,85.78,26.87,37.02
2026-01-03 08:45:00+00:00,85.73,27.14,44.82
2026-01-03 09:00:00+00:00,85.47,28.18,49.36
2026-01-03 09:15:00+00:00,85.05,28.4,52.28
2026-01-03 09:30:00+00:00,84.78,28.41,59.48
2026-01-03 09:45:00+00:00,84.6,28.42,57.93
2026-01-03 10:00:00+00:00,84.35,28.66,63.37
2026-01-03 10:15:00+00:00,83.86,29.69,63.77
2026-01-03 10:30:00+00:00,83.88,29.73,65.64
2026-01-03 10:45:00+00:00,83.77,30.1,65.7
2026-01-03 11:00:00+00:00,83.46,29.72,68.6
2026-01-03 11:15:00+00:00,83.14,30.79,68.25
2026-01-03 11:30:00+00:00,82.91,30.89,70.88
2026-01-03 11:45:00+00:00,82.47,30.65,70.52
2026-01-03 12:00:00+00:00,82.23,31.05,69.26
2026-01-03 12:15:00+00:00,81.75,31.46,72.98
2026-01-03 12:30:00+00:00,81.45,31.56,71.39
2026-01-03 12:45:00+00:00,80.98,31.59,68.88
2026-01-03 13:00:00+00:00,80.52,31.76,69.01
2026-01-03 13:15:00+00:00,80.48,31.81,67.2
2026-01-03 13:30:00+00:00,80.2,31.99,63.99
2026-01-03 13:45:00+00:00,79.93,32.43,63.95
2026-01-03 14:00:00+00:00,79.35,31.23,60.37
2026-01-03 14:15:00+00:00,78.97,31.91,57.26
2026-01-03 14:30:00+00:00,78.76,32.0,53.2
2026-01-03 14:45:00+00:00,78.5,31.97,52.77
2026-01-03 15:00:00+00:00,77.89,31.68,51.44
2026-01-03 15:15:00+00:00,77.66,31.15,45.52
2026-01-03 15:30:00+00:00,77.43,31.64,48.35
2026-01-03 15:45:00+00:00,77.35,31.9,41.3
2026-01-03 16:00:00+00:00,76.99,30.73,38.18
2026-01-03 16:15:00+00:00,76.39,31.24,33.06
2026-01-03 16:30:00+00:00,75.98,30.66,30.93
2026-01-03 16:45:00+00:00,75.57,30.49,21.29
2026-01-03 17:00:00+00:00,75.44,29.92,13.29
2026-01-03 17:15:00+00:00,74.8,29.85,12.99
2026-01-03 17:30:00+00:00,74.5,30.04,10.4
2026-01-03 17:45:00+00:00,74.49,29.5,4.96
2026-01-03 18:00:00+00:00,74.27,29.52,0.55
2026-01-03 18:15:00+00:00,74.18,29.0,2.64
2026-01-03 18:30:00+00:00,73.73,28.42,0.76
2026-01-03 18:45:00+00:00,73.28,28.45,1.6
2026-01-03 19:00:00+00:00,73.3,27.68,0.0
2026-01-03 19:15:00+00:00,73.13,27.42,0.0
2026-01-03 19:30:00+00:00,72.96,26.69,3.23
2026-01-03 19:45:00+00:00,72.62,26.41,0.2
2026-01-03 20:00:00+00:00,72.46,25.79,0.0
2026-01-03 20:15:00+00:00,72.12,25.9,0.0
2026-01-03 20:30:00+00:00,72.15,24.86,0.0
2026-01-03 20:45:00+00:00,72.4,25.06,0.0
2026-01-03 21:00:00+00:00,72.33,24.39,0.0
2026-01-03 21:15:00+00:00,72.09,24.42,0.0
2026-01-03 21:30:00+00:00,71.57,23.93,0.0
2026-01-03 21:45:00+00:00,71.18,23.89,0.0
2026-01-03 22:00:00+00:00,71.28,23.22,2.21
2026-01-03 22:15:00+00:00,71.01,22.19,0.59
2026-01-03 22:30:00+00:00,70.84,22.32,0.53
2026-01-03 22:45:00+00:00,70.84,21.69,0.0
2026-01-03 23:00:00+00:00,70.96,21.6,0.0
2026-01-03 23:15:00+00:00,70.82,21.94,0.72
2026-01-03 23:30:00+00:00,70.65,21.43,1.43
2026-01-03 23:45:00+00:00,70.57,20.8,0.0
2026-01-04 00:00:00+00:00,70.38,20.97,2.16
2026-01-04 00:15:00+00:00,70.2,21.1,0.02
2026-01-04 00:30:00+00:00,70.17,20.56,1.59
2026-01-04 00:45:00+00:00,70.11,20.58,0.0
2026-01-04 01:00:00+00:00,70.34,20.76,0.0
2026-01-04 01:15:00+00:00,70.31,20.93,0.54
2026-01-04 01:30:00+00:00,70.39,20.7,1.45
2026-01-04 01:45:00+00:00,70.15,19.79,1.15
2026-01-04 02:00:00+00:00,70.14,20.56,0.84
2026-01-04 02:15:00+00:00,69.95,20.5,0.0
2026-01-04 02:30:00+00:00,69.91,20.64,0.0
2026-01-04 02:45:00+00:00,69.92,21.07,1.1
2026-01-04 03:00:00+00:00,69.85,20.05,0.85
2026-01-04 03:15:00+00:00,70.12,20.61,0.0
2026-01-04 03:30:00+00:00,70.24,21.1,2.22
2026-01-04 03:45:00+00:00,70.32,20.61,0.0
2026-01-04 04:00:00+00:00,70.33,21.71,0.0
2026-01-04 04:15:00+00:00,70.49,21.59,3.27
2026-01-04 04:30:00+00:00,70.17,21.96,1.74
2026-01-04 04:45:00+00:00,70.26,21.78,0.0
2026-01-04 05:00:00+00:00,70.0,22.47,0.57
2026-01-04 05:15:00+00:00,69.79,22.83,0.31
2026-01-04 05:30:00+00:00,69.75,22.88,0.0
2026-01-04 05:45:00+00:00,69.81,23.2,0.0
2026-01-04 06:00:00+00:00,69.5,23.55,0.0
2026-01-04 06:15:00+00:00,69.29,23.55,4.91
2026-01-04 06:30:00+00:00,69.16,24.13,11.71
2026-01-04 06:45:00+00:00,68.97,24.49,19.02
2026-01-04 07:00:00+00:00,68.93,25.03,21.59
2026-01-04 07:15:00+00:00,69.27,25.6,25.5
2026-01-04 07:30:00+00:00,69.16,25.37,33.53
2026-01-04 07:45:00+00:00,68.86,26.04,37.35
2026-01-04 08:00:00+00:00,68.46,26.91,42.65
2026-01-04 08:15:00+00:00,68.21,26.64,47.15
2026-01-04 08:30:00+00:00,67.85,27.0,56.79
2026-01-04 08:45:00+00:00,67.7,27.7,52.17
2026-01-04 09:00:00+00:00,67.54,28.27,59.98
2026-01-04 09:15:00+00:00,67.23,28.4,64.59
2026-01-04 09:30:00+00:00,67.27,29.16,66.6
2026-01-04 09:45:00+00:00,66.91,29.38,73.24
2026-01-04 10:00:00+00:00,66.63,29.72,76.03
2026-01-04 10:15:00+00:00,66.45,29.97,76.96
2026-01-04 10:30:00+00:00,66.31,30.82,78.83
2026-01-04 10:45:00+00:00,66.22,30.36,81.13
2026-01-04 11:00:00+00:00,66.01,30.11,82.78
2026-01-04 11:15:00+00:00,65.88,31.46,84.11
2026-01-04 11:30:00+00:00,65.49,31.09,84.8
2026-01-04 11:45:00+00:00,65.33,31.49,86.24
2026-01-04 12:00:00+00:00,65.16,32.06,87.42
2026-01-04 12:15:00+00:00,65.1,31.37,83.27
2026-01-04 12:30:00+00:00,64.55,31.63,83.08
2026-01-04 12:45:00+00:00,64.12,31.67,80.77
2026-01-04 13:00:00+00:00,63.94,32.02,84.72
2026-01-04 13:15:00+00:00,63.23,32.48,81.86
2026-01-04 13:30:00+00:00,63.0,32.57,80.39
2026-01-04 13:45:00+00:00,62.85,32.54,74.2
2026-01-04 14:00:00+00:00,62.47,32.04,77.98
2026-01-04 14:15:00+00:00,62.11,31.76,70.22
2026-01-04 14:30:00+00:00,61.65,32.43,68.5
2026-01-04 14:45:00+00:00,61.27,32.21,66.3
2026-01-04 15:00:00+00:00,60.9,32.4,58.78
2026-01-04 15:15:00+00:00,60.51,32.36,55.56
2026-01-04 15:30:00+00:00,60.11,32.05,52.66
2026-01-04 15:45:00+00:00,59.78,32.08,53.45
2026-01-04 16:00:00+00:00,59.46,31.73,43.56
2026-01-04 16:15:00+00:00,59.47,31.61,41.21
2026-01-04 16:30:00+00:00,59.15,31.02,35.29
2026-01-04 16:45:00+00:00,58.94,30.92,28.35
2026-01-04 17:00:00+00:00,58.6,30.77,20.26
2026-01-04 17:15:00+00:00,58.26,30.67,18.88
2026-01-04 17:30:00+00:00,57.77,30.0,8.22
2026-01-04 17:45:00+00:00,57.3,29.96,8.82
2026-01-04 18:00:00+00:00,56.9,29.39,0.4
2026-01-04 18:15:00+00:00,56.71,29.09,0.0
2026-01-04 18:30:00+00:00,56.66,29.01,0.0
2026-01-04 18:45:00+00:00,56.19,27.8,1.31
2026-01-04 19:00:00+00:00,55.92,27.63,0.0
2026-01-04 19:15:00+00:00,55.52,27.19,1.43
2026-01-04 19:30:00+00:00,55.31,26.55,0.0
2026-01-04 19:45:00+00:00,55.29,26.66,0.0
2026-01-04 20:00:00+00:00,55.04,26.69,0.0
2026-01-04 20:15:00+00:00,54.86,25.99,0.06
2026-01-04 20:30:00+00:00,54.92,25.74,0.0
2026-01-04 20:45:00+00:00,54.82,25.62,2.45
2026-01-04 21:00:00+00:00,54.54,25.31,0.0
2026-01-04 21:15:00+00:00,54.42,24.52,0.63
2026-01-04 21:30:00+00:00,54.15,24.58,0.14
2026-01-04 21:45:00+00:00,54.07,23.84,0.0
2026-01-04 22:00:00+00:00,54.02,23.22,0.0
2026-01-04 22:15:00+00:00,53.69,22.96,0.02
2026-01-04 22:30:00+00:00,53.6,22.37,3.96
2026-01-04 22:45:00+00:00,53.47,22.24,1.16
2026-01-04 23:00:00+00:00,53.44,22.12,0.0
2026-01-04 23:15:00+00:00,53.45,22.2,0.0
2026-01-04 23:30:00+00:00,53.41,22.22,1.47
2026-01-04 23:45:00+00:00,53.27,21.06,0.0
2026-01-05 00:00:00+00:00,53.32,20.41,2.28
2026-01-05 00:15:00+00:00,53.11,19.8,0.0
2026-01-05 00:30:00+00:00,52.83,20.09,0.7
2026-01-05 00:45:00+00:00,52.27,19.77,1.69
2026-01-05 01:00:00+00:00,52.18,19.15,0.0
2026-01-05 01:15:00+00:00,51.98,19.89,0.0
2026-01-05 01:30:00+00:00,51.95,19.36,0.05
2026-01-05 01:45:00+00:00,51.58,19.34,1.09
2026-01-05 02:00:00+00:00,51.4,19.17,0.0
2026-01-05 02:15:00+00:00,51.39,19.31,1.95
2026-01-05 02:30:00+00:00,51.16,19.67,0.0
2026-01-05 02:45:00+00:00,51.14,19.55,0.0
2026-01-05 03:00:00+00:00,50.97,19.79,3.95
2026-01-05 03:15:00+00:00,50.89,19.92,0.0
2026-01-05 03:30:00+00:00,50.89,20.34,0.0
2026-01-05 03:45:00+00:00,50.95,20.01,0.0
2026-01-05 04:00:00+00:00,50.89,19.85,0.13
2026-01-05 04:15:00+00:00,50.67,20.82,0.0
2026-01-05 04:30:00+00:00,50.52,20.63,0.0
2026-01-05 04:45:00+00:00,50.51,21.31,0.0
2026-01-05 05:00:00+00:00,50.26,21.36,0.35
2026-01-05 05:15:00+00:00,50.13,21.5,0.0
2026-01-05 05:30:00+00:00,49.96,21.94,3.76
2026-01-05 05:45:00+00:00,49.82,22.74,0.0
2026-01-05 06:00:00+00:00,49.54,23.11,1.16
2026-01-05 06:15:00+00:00,49.14,22.86,1.27
2026-01-05 06:30:00+00:00,49.09,23.24,7.1
2026-01-05 06:45:00+00:00,49.09,23.89,10.68
2026-01-05 07:00:00+00:00,48.68,23.68,18.89
2026-01-05 07:15:00+00:00,48.58,24.42,18.64
2026-01-05 07:30:00+00:00,48.58,24.7,25.1
2026-01-05 07:45:00+00:00,48.49,25.19,25.95
2026-01-05 08:00:00+00:00,48.26,25.24,29.9
2026-01-05 08:15:00+00:00,47.94,25.41,33.74
2026-01-05 08:30:00+00:00,47.77,25.65,40.08
2026-01-05 08:45:00+00:00,47.61,26.33,36.85
2026-01-05 09:00:00+00:00,47.42,26.91,40.94
2026-01-05 09:15:00+00:00,47.18,27.33,42.43
2026-01-05 09:30:00+00:00,46.79,28.37,46.71
2026-01-05 09:45:00+00:00,46.62,28.48,49.61
2026-01-05 10:00:00+00:00,46.46,28.2,50.14
2026-01-05 10:15:00+00:00,46.25,28.93,53.8
2026-01-05 10:30:00+00:00,46.03,29.02,52.9
2026-01-05 10:45:00+00:00,46.03,29.36,56.31
2026-01-05 11:00:00+00:00,45.68,29.79,61.92
2026-01-05 11:15:00+00:00,45.61,30.19,61.24
2026-01-05 11:30:00+00:00,45.24,30.15,61.47
2026-01-05 11:45:00+00:00,45.13,30.8,59.48
2026-01-05 12:00:00+00:00,45.05,30.34,58.55
2026-01-05 12:15:00+00:00,44.73,30.87,59.21
2026-01-05 12:30:00+00:00,44.7,31.81,61.01
2026-01-05 12:45:00+00:00,44.49,31.24,62.17
2026-01-05 13:00:00+00:00,44.07,31.72,61.33
2026-01-05 13:15:00+00:00,43.73,31.4,59.61
2026-01-05 13:30:00+00:00,43.62,31.61,55.45
2026-01-05 13:45:00+00:00,43.48,31.46,55.31
2026-01-05 14:00:00+00:00,43.04,31.44,52.72
2026-01-05 14:15:00+00:00,42.75,31.24,50.83
2026-01-05 14:30:00+00:00,42.5,31.57,52.96
2026-01-05 14:45:00+00:00,42.15,31.12,42.8
2026-01-05 15:00:00+00:00,42.23,31.49,43.1
2026-01-05 15:15:00+00:00,41.99,31.5,43.05
2026-01-05 15:30:00+00:00,41.72,31.14,34.58
2026-01-05 15:45:00+00:00,41.64,30.79,32.95
2026-01-05 16:00:00+00:00,41.33,30.82,29.75
2026-01-05 16:15:00+00:00,41.23,30.39,26.81
2026-01-05 16:30:00+00:00,40.73,30.53,20.39
2026-01-05 16:45:00+00:00,40.43,29.45,21.0
2026-01-05 17:00:00+00:00,40.36,29.63,17.28
2026-01-05 17:15:00+00:00,40.37,28.85,13.04
2026-01-05 17:30:00+00:00,40.04,28.7,6.3
2026-01-05 17:45:00+00:00,39.69,29.23,4.2
2026-01-05 18:00:00+00:00,39.56,28.76,0.0
2026-01-05 18:15:00+00:00,39.27,27.93,0.0
2026-01-05 18:30:00+00:00,39.04,27.34,4.31
2026-01-05 18:45:00+00:00,38.99,26.53,0.19
2026-01-05 19:00:00+00:00,38.73,26.88,0.0
2026-01-05 19:15:00+00:00,38.24,27.39,0.36
2026-01-05 19:30:00+00:00,37.87,26.4,0.0
2026-01-05 19:45:00+00:00,37.7,25.72,0.0
2026-01-05 20:00:00+00:00,37.26,25.63,0.0
2026-01-05 20:15:00+00:00,37.07,24.63,0.0
2026-01-05 20:30:00+00:00,36.71,24.62,1.87
2026-01-05 20:45:00+00:00,36.81,24.35,1.16
2026-01-05 21:00:00+00:00,36.99,23.91,1.05
2026-01-05 21:15:00+00:00,36.7,23.8,0.0
2026-01-05 21:30:00+00:00,36.61,23.3,0.0
2026-01-05 21:45:00+00:00,36.34,23.04,0.54
2026-01-05 22:00:00+00:00,36.18,22.28,0.0
2026-01-05 22:15:00+00:00,36.33,22.43,0.0
2026-01-05 22:30:00+00:00,36.14,22.33,0.88
2026-01-05 22:45:00+00:00,36.0,21.24,0.0
2026-01-05 23:00:00+00:00,35.77,20.98,0.45
2026-01-05 23:15:00+00:00,35.84,21.38,3.19
2026-01-05 23:30:00+00:00,35.26,20.67,0.0
2026-01-05 23:45:00+00:00,35.1,20.92,2.36
2026-01-06 00:00:00+00:00,35.01,19.51,1.12
2026-01-06 00:15:00+00:00,34.83,19.9,0.0
2026-01-06 00:30:00+00:00,34.88,19.34,0.0
2026-01-06 00:45:00+00:00,34.98,19.24,0.0
2026-01-06 01:00:00+00:00,34.69,19.51,0.0
2026-01-06 01:15:00+00:00,34.92,18.85,0.0
2026-01-06 01:30:00+00:00,34.63,18.61,1.23
2026-01-06 01:45:00+00:00,34.74,18.72,2.51
2026-01-06 02:00:00+00:00,34.68,18.98,0.62
2026-01-06 02:15:00+00:00,34.53,18.38,0.0
2026-01-06 02:30:00+00:00,34.38,19.08,0.0
2026-01-06 02:45:00+00:00,34.3,18.79,0.14
2026-01-06 03:00:00+00:00,34.25,19.39,0.05
2026-01-06 03:15:00+00:00,34.03,18.44,0.37
2026-01-06 03:30:00+00:00,33.91,19.06,4.21
2026-01-06 03:45:00+00:00,33.72,18.95,2.48
2026-01-06 04:00:00+00:00,33.45,19.4,1.57
2026-01-06 04:15:00+00:00,33.25,19.93,0.0
2026-01-06 04:30:00+00:00,33.0,20.03,0.0
2026-01-06 04:45:00+00:00,32.85,20.25,0.0
2026-01-06 05:00:00+00:00,32.83,20.55,0.0
2026-01-06 05:15:00+00:00,32.75,20.95,1.0
2026-01-06 05:30:00+00:00,32.96,20.89,0.71
2026-01-06 05:45:00+00:00,32.52,21.72,0.0
2026-01-06 06:00:00+00:00,32.48,22.04,2.39
2026-01-06 06:15:00+00:00,32.36,22.3,5.43
2026-01-06 06:30:00+00:00,32.36,22.71,6.96
2026-01-06 06:45:00+00:00,32.33,23.0,15.47
2026-01-06 07:00:00+00:00,32.16,23.9,21.22
2026-01-06 07:15:00+00:00,32.04,23.64,27.6
2026-01-06 07:30:00+00:00,31.77,23.96,29.87
2026-01-06 07:45:00+00:00,31.7,24.22,36.96
2026-01-06 08:00:00+00:00,31.25,24.53,40.29
2026-01-06 08:15:00+00:00,31.19,24.86,41.72
2026-01-06 08:30:00+00:00,31.01,25.36,45.76
2026-01-06 08:45:00+00:00,30.74,25.99,54.88
2026-01-06 09:00:00+00:00,30.5,26.49,58.84
2026-01-06 09:15:00+00:00,30.26,26.78,60.66
2026-01-06 09:30:00+00:00,30.24,26.91,66.32
2026-01-06 09:45:00+00:00,30.49,27.76,68.49
2026-01-06 10:00:00+00:00,30.44,28.06,70.5
2026-01-06 10:15:00+00:00,30.12,28.13,69.77
2026-01-06 10:30:00+00:00,87.26,28.3,77.21
2026-01-06 10:45:00+00:00,86.87,28.96,76.66
2026-01-06 11:00:00+00:00,86.42,29.14,76.33
2026-01-06 11:15:00+00:00,86.16,28.92,76.96
2026-01-06 11:30:00+00:00,86.02,29.58,79.66
2026-01-06 11:45:00+00:00,85.51,29.91,76.31
2026-01-06 12:00:00+00:00,85.13,29.77,81.23
2026-01-06 12:15:00+00:00,84.95,30.28,77.75
2026-01-06 12:30:00+00:00,84.68,29.95,79.88
2026-01-06 12:45:00+00:00,84.61,30.92,77.25
2026-01-06 13:00:00+00:00,84.12,31.01,76.58
2026-01-06 13:15:00+00:00,84.2,30.65,74.08
2026-01-06 13:30:00+00:00,83.68,30.9,73.43
2026-01-06 13:45:00+00:00,83.11,30.1,75.37
2026-01-06 14:00:00+00:00,82.83,30.49,71.9
2026-01-06 14:15:00+00:00,82.38,30.74,67.08
2026-01-06 14:30:00+00:00,82.11,30.47,63.28
2026-01-06 14:45:00+00:00,81.82,30.94,61.7
2026-01-06 15:00:00+00:00,81.52,31.23,58.71
2026-01-06 15:15:00+00:00,81.13,30.17,50.97
2026-01-06 15:30:00+00:00,80.94,30.13,48.44
2026-01-06 15:45:00+00:00,80.64,30.29,40.71
2026-01-06 16:00:00+00:00,80.55,30.52,42.16
2026-01-06 16:15:00+00:00,80.28,29.46,39.44
2026-01-06 16:30:00+00:00,79.89,29.68,30.71
2026-01-06 16:45:00+00:00,79.4,29.9,21.41
2026-01-06 17:00:00+00:00,79.15,28.59,21.88
2026-01-06 17:15:00+00:00,78.75,28.41,13.77
2026-01-06 17:30:00+00:00,78.34,28.37,9.09
2026-01-06 17:45:00+00:00,78.21,28.02,6.47
2026-01-06 18:00:00+00:00,77.74,28.08,0.51
2026-01-06 18:15:00+00:00,77.76,27.57,0.0
2026-01-06 18:30:00+00:00,77.61,26.6,0.0
2026-01-06 18:45:00+00:00,77.42,26.92,0.25
2026-01-06 19:00:00+00:00,77.09,26.22,0.0
2026-01-06 19:15:00+00:00,77.03,26.39,0.0
2026-01-06 19:30:00+00:00,76.87,25.44,0.0
2026-01-06 19:45:00+00:00,76.61,25.04,0.68
2026-01-06 20:00:00+00:00,76.48,25.0,0.0
2026-01-06 20:15:00+00:00,76.08,24.68,0.0
2026-01-06 20:30:00+00:00,75.69,24.19,1.98
2026-01-06 20:45:00+00:00,75.39,23.16,0.0
2026-01-06 21:00:00+00:00,75.32,23.45,0.0
2026-01-06 21:15:00+00:00,75.2,22.6,0.0
2026-01-06 21:30:00+00:00,75.23,22.61,0.3
2026-01-06 21:45:00+00:00,74.99,21.76,1.12
2026-01-06 22:00:00+00:00,74.96,21.97,2.25
2026-01-06 22:15:00+00:00,74.85,21.26,0.0
2026-01-06 22:30:00+00:00,74.61,20.8,1.17
2026-01-06 22:45:00+00:00,74.58,21.1,0.39
2026-01-06 23:00:00+00:00,74.48,20.67,0.0
2026-01-06 23:15:00+00:00,74.3,20.15,3.8
2026-01-06 23:30:00+00:00,74.22,20.52,0.0
2026-01-06 23:45:00+00:00,74.12,19.72,0.84
2026-01-07 00:00:00+00:00,74.01,19.72,0.78
2026-01-07 00:15:00+00:00,73.87,19.6,0.55
2026-01-07 00:30:00+00:00,73.59,19.17,0.0
2026-01-07 00:45:00+00:00,73.52,19.36,1.65
2026-01-07 01:00:00+00:00,73.32,18.95,0.0
2026-01-07 01:15:00+00:00,73.09,18.9,0.0
2026-01-07 01:30:00+00:00,72.97,19.36,0.0
2026-01-07 01:45:00+00:00,73.01,18.6,0.0
2026-01-07 02:00:00+00:00,72.95,18.18,0.86
2026-01-07 02:15:00+00:00,72.79,19.4,2.15
2026-01-07 02:30:00+00:00,72.63,19.72,0.0
2026-01-07 02:45:00+00:00,72.64,18.9,1.56
2026-01-07 03:00:00+00:00,72.2,18.53,0.1
2026-01-07 03:15:00+00:00,72.24,19.13,0.0
2026-01-07 03:30:00+00:00,71.88,19.28,0.0
2026-01-07 03:45:00+00:00,71.59,19.47,0.0
2026-01-07 04:00:00+00:00,71.43,19.37,0.0
2026-01-07 04:15:00+00:00,71.67,20.09,0.86
2026-01-07 04:30:00+00:00,71.84,20.3,0.47
2026-01-07 04:45:00+00:00,71.87,19.94,0.0
2026-01-07 05:00:00+00:00,71.83,20.87,0.0
2026-01-07 05:15:00+00:00,71.44,21.56,0.85
2026-01-07 05:30:00+00:00,71.37,21.3,0.0
2026-01-07 05:45:00+00:00,71.18,21.47,0.6
2026-01-07 06:00:00+00:00,70.95,21.86,1.56
2026-01-07 06:15:00+00:00,70.86,22.44,3.09
2026-01-07 06:30:00+00:00,70.67,22.09,8.43
2026-01-07 06:45:00+00:00,70.67,23.02,20.16
2026-01-07 07:00:00+00:00,70.24,23.23,23.01
2026-01-07 07:15:00+00:00,70.09,24.29,26.86
2026-01-07 07:30:00+00:00,69.8,24.07,31.11
2026-01-07 07:45:00+00:00,69.57,25.01,37.1
2026-01-07 08:00:00+00:00,69.44,24.57,40.71
2026-01-07 08:15:00+00:00,69.09,25.47,49.65
2026-01-07 08:30:00+00:00,68.92,25.78,50.91
2026-01-07 08:45:00+00:00,68.69,25.81,59.01
2026-01-07 09:00:00+00:00,68.38,26.51,60.14
2026-01-07 09:15:00+00:00,68.09,27.2,62.71
2026-01-07 09:30:00+00:00,67.85,27.1,67.52
2026-01-07 09:45:00+00:00,67.52,27.05,66.41
2026-01-07 10:00:00+00:00,67.28,27.9,74.39
2026-01-07 10:15:00+00:00,67.0,27.97,76.95
2026-01-07 10:30:00+00:00,66.66,28.45,81.27
2026-01-07 10:45:00+00:00,66.65,28.84,77.84
2026-01-07 11:00:00+00:00,66.46,28.64,85.57
2026-01-07 11:15:00+00:00,66.15,28.93,86.17
2026-01-07 11:30:00+00:00,65.9,29.81,87.95
2026-01-07 11:45:00+00:00,65.47,29.74,85.89
2026-01-07 12:00:00+00:00,65.14,29.33,88.21
2026-01-07 12:15:00+00:00,64.82,30.52,83.06
2026-01-07 12:30:00+00:00,64.35,30.53,86.87
2026-01-07 12:45:00+00:00,64.13,30.37,82.98
2026-01-07 13:00:00+00:00,63.78,30.3,79.94
2026-01-07 13:15:00+00:00,63.44,31.04,79.36
2026-01-07 13:30:00+00:00,63.07,30.96,79.63
2026-01-07 13:45:00+00:00,63.22,31.61,75.65
2026-01-07 14:00:00+00:00,62.84,31.03,75.39
2026-01-07 14:15:00+00:00,62.25,31.01,68.04
2026-01-07 14:30:00+00:00,61.74,30.8,64.12
2026-01-07 14:45:00+00:00,61.57,31.03,67.54
2026-01-07 15:00:00+00:00,61.5,30.89,62.75
2026-01-07 15:15:00+00:00,61.12,30.96,54.73
2026-01-07 15:30:00+00:00,61.05,30.29,52.46
2026-01-07 15:45:00+00:00,60.91,30.15,49.92
2026-01-07 16:00:00+00:00,60.63,29.96,43.93
2026-01-07 16:15:00+00:00,60.34,30.13,38.41
2026-01-07 16:30:00+00:00,60.12,30.11,35.17
2026-01-07 16:45:00+00:00,60.02,29.28,26.24
2026-01-07 17:00:00+00:00,59.85,29.02,22.37
2026-01-07 17:15:00+00:00,59.52,28.95,16.78
2026-01-07 17:30:00+00:00,59.29,28.48,10.7
2026-01-07 17:45:00+00:00,59.37,28.52,4.86
2026-01-07 18:00:00+00:00,59.22,27.23,0.15
2026-01-07 18:15:00+00:00,59.16,27.31,0.07
2026-01-07 18:30:00+00:00,59.06,26.97,0.0
2026-01-07 18:45:00+00:00,58.93,26.14,1.6
2026-01-07 19:00:00+00:00,58.77,26.17,0.0
2026-01-07 19:15:00+00:00,58.74,25.8,0.0
2026-01-07 19:30:00+00:00,58.68,25.63,0.0
2026-01-07 19:45:00+00:00,58.56,25.63,0.72
2026-01-07 20:00:00+00:00,58.3,24.83,0.0
2026-01-07 20:15:00+00:00,58.21,24.2,1.78
2026-01-07 20:30:00+00:00,58.06,24.1,0.0
2026-01-07 20:45:00+00:00,57.87,24.05,2.44
2026-01-07 21:00:00+00:00,58.15,23.06,0.0
2026-01-07 21:15:00+00:00,57.8,22.7,0.0
2026-01-07 21:30:00+00:00,57.82,22.78,3.83
2026-01-07 21:45:00+00:00,57.58,22.18,0.0
2026-01-07 22:00:00+00:00,57.48,22.1,2.48
2026-01-07 22:15:00+00:00,57.77,21.57,0.08
2026-01-07 22:30:00+00:00,57.52,21.46,0.83
2026-01-07 22:45:00+00:00,57.32,20.64,0.14
2026-01-07 23:00:00+00:00,57.23,20.66,1.7
2026-01-07 23:15:00+00:00,57.02,20.33,0.0
2026-01-07 23:30:00+00:00,57.07,19.78,0.0
2026-01-07 23:45:00+00:00,56.91,19.45,0.0
2026-01-08 00:00:00+00:00,56.93,19.76,0.2
2026-01-08 00:15:00+00:00,56.65,19.26,0.0
2026-01-08 00:30:00+00:00,56.29,18.9,1.42
2026-01-08 00:45:00+00:00,56.18,19.04,2.61
2026-01-08 01:00:00+00:00,55.86,19.29,0.0
2026-01-08 01:15:00+00:00,56.01,18.18,0.0
2026-01-08 01:30:00+00:00,55.7,18.35,0.0
2026-01-08 01:45:00+00:00,55.46,18.48,4.06
2026-01-08 02:00:00+00:00,55.45,19.18,0.61
2026-01-08 02:15:00+00:00,55.28,18.84,0.96
2026-01-08 02:30:00+00:00,54.97,19.03,0.0
2026-01-08 02:45:00+00:00,55.2,18.52,0.0
2026-01-08 03:00:00+00:00,54.97,18.61,1.02
2026-01-08 03:15:00+00:00,54.86,19.2,0.0
2026-01-08 03:30:00+00:00,54.74,19.22,2.15
2026-01-08 03:45:00+00:00,54.77,19.53,4.62
2026-01-08 04:00:00+00:00,54.76,19.49,0.0
2026-01-08 04:15:00+00:00,54.55,19.84,0.0
2026-01-08 04:30:00+00:00,54.42,20.03,0.0
2026-01-08 04:45:00+00:00,54.3,20.47,3.21
2026-01-08 05:00:00+00:00,54.32,20.75,2.08
2026-01-08 05:15:00+00:00,54.06,20.3,0.0
2026-01-08 05:30:00+00:00,54.28,20.42,0.07
2026-01-08 05:45:00+00:00,54.06,21.71,0.0
2026-01-08 06:00:00+00:00,53.94,22.1,1.78
2026-01-08 06:15:00+00:00,53.66,21.79,4.57
2026-01-08 06:30:00+00:00,53.35,21.89,10.11
2026-01-08 06:45:00+00:00,53.09,22.85,17.11
2026-01-08 07:00:00+00:00,52.8,23.47,20.71
2026-01-08 07:15:00+00:00,52.59,24.11,25.71
2026-01-08 07:30:00+00:00,52.28,24.12,31.19
2026-01-08 07:45:00+00:00,52.22,24.24,37.62
2026-01-08 08:00:00+00:00,51.94,24.48,44.02
2026-01-08 08:15:00+00:00,51.62,25.14,46.42
2026-01-08 08:30:00+00:00,51.38,25.44,51.19
2026-01-08 08:45:00+00:00,51.33,25.61,53.31
2026-01-08 09:00:00+00:00,51.15,26.91,56.18
2026-01-08 09:15:00+00:00,50.92,27.21,62.55
2026-01-08 09:30:00+00:00,50.48,27.38,64.96
2026-01-08 09:45:00+00:00,50.09,27.12,64.88
2026-01-08 10:00:00+00:00,49.66,28.0,69.88
2026-01-08 10:15:00+00:00,49.62,28.27,72.89
2026-01-08 10:30:00+00:00,49.45,28.53,74.23
2026-01-08 10:45:00+00:00,49.07,29.08,80.09
2026-01-08 11:00:00+00:00,48.73,29.18,79.64
2026-01-08 11:15:00+00:00,48.34,29.48,82.63
2026-01-08 11:30:00+00:00,47.94,29.7,81.28
2026-01-08 11:45:00+00:00,47.74,29.84,81.44
2026-01-08 12:00:00+00:00,47.44,29.41,79.58
2026-01-08 12:15:00+00:00,47.48,30.15,81.3
2026-01-08 12:30:00+00:00,47.39,30.12,80.78
2026-01-08 12:45:00+00:00,47.32,30.04,77.15
2026-01-08 13:00:00+00:00,47.14,31.05,77.6
2026-01-08 13:15:00+00:00,46.79,31.15,76.48
2026-01-08 13:30:00+00:00,46.59,31.1,76.08
2026-01-08 13:45:00+00:00,46.26,30.81,73.98
2026-01-08 14:00:00+00:00,46.22,31.15,69.38
2026-01-08 14:15:00+00:00,46.01,30.74,68.66
2026-01-08 14:30:00+00:00,45.77,30.76,64.26
2026-01-08 14:45:00+00:00,45.53,30.3,55.5
2026-01-08 15:00:00+00:00,45.52,30.66,56.63
2026-01-08 15:15:00+00:00,45.04,30.45,55.86
2026-01-08 15:30:00+00:00,45.07,29.9,46.22
2026-01-08 15:45:00+00:00,44.79,30.11,45.48
2026-01-08 16:00:00+00:00,44.32,29.92,43.9
2026-01-08 16:15:00+00:00,43.96,30.27,34.5
2026-01-08 16:30:00+00:00,43.47,29.77,31.17
2026-01-08 16:45:00+00:00,43.34,29.26,23.57
2026-01-08 17:00:00+00:00,42.95,29.06,24.34
2026-01-08 17:15:00+00:00,42.76,28.72,15.72
2026-01-08 17:30:00+00:00,42.72,28.34,10.72
2026-01-08 17:45:00+00:00,42.42,27.75,8.04
2026-01-08 18:00:00+00:00,42.18,27.7,1.32
2026-01-08 18:15:00+00:00,41.8,27.18,0.0
2026-01-08 18:30:00+00:00,41.56,26.67,0.0
2026-01-08 18:45:00+00:00,41.76,26.83,0.99
2026-01-08 19:00:00+00:00,41.7,26.42,0.0
2026-01-08 19:15:00+00:00,41.5,25.38,0.0
2026-01-08 19:30:00+00:00,41.25,25.49,0.0
2026-01-08 19:45:00+00:00,41.08,25.44,0.0
2026-01-08 20:00:00+00:00,40.94,25.06,3.23
2026-01-08 20:15:00+00:00,40.73,24.66,0.35
2026-01-08 20:30:00+00:00,40.67,23.97,0.0
2026-01-08 20:45:00+00:00,40.4,23.32,0.0
2026-01-08 21:00:00+00:00,40.13,22.87,0.0
2026-01-08 21:15:00+00:00,40.06,22.92,0.0
2026-01-08 21:30:00+00:00,39.77,22.56,2.03
2026-01-08 21:45:00+00:00,39.76,22.48,4.46
2026-01-08 22:00:00+00:00,39.64,22.08,1.45
2026-01-08 22:15:00+00:00,39.27,21.37,0.0
2026-01-08 22:30:00+00:00,39.2,20.72,0.0
2026-01-08 22:45:00+00:00,38.85,20.69,0.0
2026-01-08 23:00:00+00:00,38.87,20.57,4.12
2026-01-08 23:15:00+00:00,38.75,20.17,0.0
2026-01-08 23:30:00+00:00,38.94,19.81,4.23
2026-01-08 23:45:00+00:00,39.02,19.83,2.79
2026-01-09 00:00:00+00:00,38.78,19.39,0.0
2026-01-09 00:15:00+00:00,38.4,19.17,0.0
2026-01-09 00:30:00+00:00,38.21,19.29,0.0
2026-01-09 00:45:00+00:00,37.94,18.94,0.0
2026-01-09 01:00:00+00:00,38.14,19.02,0.0
2026-01-09 01:15:00+00:00,38.05,18.93,5.99
2026-01-09 01:30:00+00:00,38.11,18.45,0.0
2026-01-09 01:45:00+00:00,37.99,18.61,0.46
2026-01-09 02:00:00+00:00,37.88,19.17,1.23
2026-01-09 02:15:00+00:00,37.8,18.4,0.0
2026-01-09 02:30:00+00:00,37.88,18.15,0.22
2026-01-09 02:45:00+00:00,37.85,18.29,0.0
2026-01-09 03:00:00+00:00,37.61,18.95,0.21
2026-01-09 03:15:00+00:00,37.77,19.07,1.02
2026-01-09 03:30:00+00:00,37.65,19.16,0.66
2026-01-09 03:45:00+00:00,37.5,19.72,1.14
2026-01-09 04:00:00+00:00,36.99,18.74,2.83
2026-01-09 04:15:00+00:00,37.01,19.87,1.87
2026-01-09 04:30:00+00:00,36.94,20.45,0.14
2026-01-09 04:45:00+00:00,36.87,19.89,0.0
2026-01-09 05:00:00+00:00,36.73,20.38,0.0
2026-01-09 05:15:00+00:00,36.55,20.56,0.0
2026-01-09 05:30:00+00:00,36.4,20.82,0.5
2026-01-09 05:45:00+00:00,36.37,21.31,0.0
2026-01-09 06:00:00+00:00,36.36,22.17,0.0
2026-01-09 06:15:00+00:00,36.2,22.64,2.17
2026-01-09 06:30:00+00:00,36.22,22.34,5.77
2026-01-09 06:45:00+00:00,36.08,23.38,13.09
2026-01-09 07:00:00+00:00,35.86,23.2,15.05
2026-01-09 07:15:00+00:00,35.74,24.09,20.34
2026-01-09 07:30:00+00:00,35.39,23.93,25.81
2026-01-09 07:45:00+00:00,35.26,24.38,28.07
2026-01-09 08:00:00+00:00,34.86,24.85,35.52
2026-01-09 08:15:00+00:00,34.51,26.08,40.1
2026-01-09 08:30:00+00:00,34.02,25.78,41.22
2026-01-09 08:45:00+00:00,33.81,25.7,44.96
2026-01-09 09:00:00+00:00,33.85,26.58,50.23
2026-01-09 09:15:00+00:00,33.63,26.56,50.83
2026-01-09 09:30:00+00:00,33.51,26.89,53.58
2026-01-09 09:45:00+00:00,33.64,27.66,60.19
2026-01-09 10:00:00+00:00,33.47,27.75,61.97
2026-01-09 10:15:00+00:00,33.13,28.15,63.55
2026-01-09 10:30:00+00:00,32.79,28.39,66.07
2026-01-09 10:45:00+00:00,32.55,28.79,61.87
2026-01-09 11:00:00+00:00,32.2,29.11,69.85
2026-01-09 11:15:00+00:00,31.88,28.67,68.96
2026-01-09 11:30:00+00:00,31.76,29.7,70.94
2026-01-09 11:45:00+00:00,31.66,29.43,70.14
2026-01-09 12:00:00+00:00,31.16,29.5,69.61
2026-01-09 12:15:00+00:00,30.77,30.1,68.81
2026-01-09 12:30:00+00:00,30.43,30.31,69.65
2026-01-09 12:45:00+00:00,30.25,30.21,67.55
2026-01-09 13:00:00+00:00,30.15,30.78,68.88
2026-01-09 13:15:00+00:00,30.29,30.22,62.65
2026-01-09 13:30:00+00:00,91.93,30.56,63.14
2026-01-09 13:45:00+00:00,91.75,30.55,66.43
2026-01-09 14:00:00+00:00,91.38,30.72,58.95
2026-01-09 14:15:00+00:00,91.09,30.81,57.32
2026-01-09 14:30:00+00:00,90.76,30.38,53.38
2026-01-09 14:45:00+00:00,90.1,30.84,52.93
2026-01-09 15:00:00+00:00,89.85,30.55,47.68
2026-01-09 15:15:00+00:00,89.58,29.85,45.46
2026-01-09 15:30:00+00:00,89.52,29.69,44.01
2026-01-09 15:45:00+00:00,89.27,30.12,37.22
2026-01-09 16:00:00+00:00,88.84,29.87,36.33
2026-01-09 16:15:00+00:00,88.56,29.7,32.39
2026-01-09 16:30:00+00:00,88.01,29.49,28.71
2026-01-09 16:45:00+00:00,87.59,29.32,22.63
2026-01-09 17:00:00+00:00,87.46,29.26,24.47
2026-01-09 17:15:00+00:00,87.21,28.36,15.67
2026-01-09 17:30:00+00:00,87.14,28.04,9.72
2026-01-09 17:45:00+00:00,86.65,27.74,2.79
2026-01-09 18:00:00+00:00,86.41,27.82,0.0
2026-01-09 18:15:00+00:00,86.14,27.76,2.85
2026-01-09 18:30:00+00:00,86.1,26.9,3.42
2026-01-09 18:45:00+00:00,86.03,25.92,2.96
2026-01-09 19:00:00+00:00,85.96,25.78,1.57
2026-01-09 19:15:00+00:00,86.03,25.66,0.0
2026-01-09 19:30:00+00:00,85.81,25.35,0.97
2026-01-09 19:45:00+00:00,85.86,25.01,0.0
2026-01-09 20:00:00+00:00,85.55,24.75,0.0
2026-01-09 20:15:00+00:00,85.24,24.25,0.48
2026-01-09 20:30:00+00:00,85.21,24.27,1.05
2026-01-09 20:45:00+00:00,84.85,23.36,1.81
2026-01-09 21:00:00+00:00,84.82,22.93,0.99
2026-01-09 21:15:00+00:00,84.71,22.95,1.06
2026-01-09 21:30:00+00:00,84.76,21.98,0.0
2026-01-09 21:45:00+00:00,84.64,22.2,0.0
2026-01-09 22:00:00+00:00,84.54,21.77,0.0
2026-01-09 22:15:00+00:00,84.51,21.36,0.0
2026-01-09 22:30:00+00:00,84.31,21.56,1.48
2026-01-09 22:45:00+00:00,84.12,20.59,0.0
2026-01-09 23:00:00+00:00,84.09,21.11,1.74
2026-01-09 23:15:00+00:00,84.0,20.16,2.22
2026-01-09 23:30:00+00:00,83.86,19.59,0.0
2026-01-09 23:45:00+00:00,83.77,19.77,1.18
2026-01-10 00:00:00+00:00,83.93,18.79,0.0
2026-01-10 00:15:00+00:00,83.78,18.7,0.0
2026-01-10 00:30:00+00:00,83.63,18.89,0.25
2026-01-10 00:45:00+00:00,83.29,18.8,0.0
2026-01-10 01:00:00+00:00,83.21,18.33,0.0
2026-01-10 01:15:00+00:00,83.22,18.72,3.95
2026-01-10 01:30:00+00:00,83.27,18.71,0.0
2026-01-10 01:45:00+00:00,83.2,18.75,0.77
2026-01-10 02:00:00+00:00,83.27,18.47,0.0
2026-01-10 02:15:00+00:00,83.3,18.73,1.82
2026-01-10 02:30:00+00:00,83.38,17.8,0.6
2026-01-10 02:45:00+00:00,83.45,18.33,0.76
2026-01-10 03:00:00+00:00,83.61,18.26,0.0
2026-01-10 03:15:00+00:00,83.5,18.67,0.0
2026-01-10 03:30:00+00:00,83.22,18.6,1.85
2026-01-10 03:45:00+00:00,83.24,18.88,3.54
2026-01-10 04:00:00+00:00,83.27,19.68,0.96
2026-01-10 04:15:00+00:00,83.43,19.27,0.0
2026-01-10 04:30:00+00:00,83.54,19.68,0.68
2026-01-10 04:45:00+00:00,83.75,19.73,4.85
2026-01-10 05:00:00+00:00,83.76,20.09,0.2
2026-01-10 05:15:00+00:00,83.71,20.36,2.92
2026-01-10 05:30:00+00:00,83.41,20.79,0.0
2026-01-10 05:45:00+00:00,83.36,21.33,0.0
2026-01-10 06:00:00+00:00,83.17,21.81,1.24
2026-01-10 06:15:00+00:00,83.09,21.75,6.89
2026-01-10 06:30:00+00:00,82.98,22.19,10.62
2026-01-10 06:45:00+00:00,82.93,22.04,16.55
2026-01-10 07:00:00+00:00,82.78,22.73,26.08
2026-01-10 07:15:00+00:00,82.77,23.42,32.32
2026-01-10 07:30:00+00:00,82.21,23.79,38.67
2026-01-10 07:45:00+00:00,82.08,23.98,44.8
2026-01-10 08:00:00+00:00,82.08,24.58,46.84
2026-01-10 08:15:00+00:00,82.19,24.85,51.12
2026-01-10 08:30:00+00:00,82.1,25.45,59.4
2026-01-10 08:45:00+00:00,82.16,25.57,62.84
2026-01-10 09:00:00+00:00,81.99,25.76,63.89
2026-01-10 09:15:00+00:00,81.78,26.34,67.96
2026-01-10 09:30:00+00:00,81.66,25.73,74.88
2026-01-10 09:45:00+00:00,81.43,27.08,77.09
2026-01-10 10:00:00+00:00,81.1,26.22,80.61
2026-01-10 10:15:00+00:00,80.79,27.13,85.68
2026-01-10 10:30:00+00:00,80.38,28.1,87.57
2026-01-10 10:45:00+00:00,80.21,28.41,90.86
2026-01-10 11:00:00+00:00,79.97,28.21,86.1
2026-01-10 11:15:00+00:00,79.66,28.61,91.86
2026-01-10 11:30:00+00:00,79.3,29.48,93.73
2026-01-10 11:45:00+00:00,79.12,29.15,89.89
2026-01-10 12:00:00+00:00,78.95,30.18,91.83
2026-01-10 12:15:00+00:00,78.51,29.69,91.26
2026-01-10 12:30:00+00:00,78.04,29.98,92.39
2026-01-10 12:45:00+00:00,77.9,30.48,94.61
2026-01-10 13:00:00+00:00,77.42,30.15,94.01
2026-01-10 13:15:00+00:00,77.23,29.9,86.57
2026-01-10 13:30:00+00:00,77.19,30.23,87.1
2026-01-10 13:45:00+00:00,77.16,30.29,84.65
2026-01-10 14:00:00+00:00,77.0,29.9,81.44
2026-01-10 14:15:00+00:00,76.83,30.22,78.24
2026-01-10 14:30:00+00:00,76.9,30.04,74.5
2026-01-10 14:45:00+00:00,76.28,30.47,73.4
2026-01-10 15:00:00+00:00,75.95,30.12,68.06
2026-01-10 15:15:00+00:00,75.81,29.91,59.29
2026-01-10 15:30:00+00:00,75.51,29.82,58.29
2026-01-10 15:45:00+00:00,75.44,29.76,53.53
2026-01-10 16:00:00+00:00,75.19,29.69,47.2
2026-01-10 16:15:00+00:00,74.97,29.0,43.46
2026-01-10 16:30:00+00:00,74.7,28.76,36.02
2026-01-10 16:45:00+00:00,74.39,29.15,30.34
2026-01-10 17:00:00+00:00,74.09,28.43,24.35
2026-01-10 17:15:00+00:00,73.92,27.84,14.13
2026-01-10 17:30:00+00:00,73.6,28.1,12.0
2026-01-10 17:45:00+00:00,73.54,27.78,4.76
2026-01-10 18:00:00+00:00,73.46,26.85,0.0
2026-01-10 18:15:00+00:00,73.44,27.03,2.87
2026-01-10 18:30:00+00:00,73.08,26.83,1.01
2026-01-10 18:45:00+00:00,72.65,26.35,0.0
2026-01-10 19:00:00+00:00,72.48,26.05,0.0
2026-01-10 19:15:00+00:00,72.76,25.06,0.59
2026-01-10 19:30:00+00:00,72.79,25.19,1.98
2026-01-10 19:45:00+00:00,72.56,24.61,0.0
2026-01-10 20:00:00+00:00,72.48,24.17,0.0
2026-01-10 20:15:00+00:00,72.45,24.18,1.74
2026-01-10 20:30:00+00:00,72.1,23.97,0.0
2026-01-10 20:45:00+00:00,72.17,23.68,0.0
2026-01-10 21:00:00+00:00,72.02,23.15,0.0
2026-01-10 21:15:00+00:00,71.89,22.35,0.0
2026-01-10 21:30:00+00:00,71.78,22.12,0.0
2026-01-10 21:45:00+00:00,71.84,21.89,0.28
2026-01-10 22:00:00+00:00,71.63,21.35,3.85
2026-01-10 22:15:00+00:00,71.28,21.02,0.0
2026-01-10 22:30:00+00:00,71.23,20.91,0.58
2026-01-10 22:45:00+00:00,70.84,20.34,3.99
2026-01-10 23:00:00+00:00,70.71,19.85,0.0
2026-01-10 23:15:00+00:00,70.81,19.68,3.63
2026-01-10 23:30:00+00:00,70.82,19.74,0.01
2026-01-10 23:45:00+00:00,70.89,19.32,3.56
2026-01-11 00:00:00+00:00,70.9,19.66,1.5
2026-01-11 00:15:00+00:00,71.19,19.57,0.61
2026-01-11 00:30:00+00:00,71.02,19.1,0.0
2026-01-11 00:45:00+00:00,71.0,19.3,0.0
2026-01-11 01:00:00+00:00,70.85,19.07,0.15
2026-01-11 01:15:00+00:00,70.91,18.5,1.79
2026-01-11 01:30:00+00:00,70.82,19.23,0.0
2026-01-11 01:45:00+00:00,71.0,18.61,0.0
2026-01-11 02:00:00+00:00,70.84,18.25,0.0
2026-01-11 02:15:00+00:00,70.97,18.45,1.98
2026-01-11 02:30:00+00:00,70.98,18.5,2.45
2026-01-11 02:45:00+00:00,70.9,18.88,0.0
2026-01-11 03:00:00+00:00,70.9,18.87,0.0
2026-01-11 03:15:00+00:00,70.86,18.97,0.76
2026-01-11 03:30:00+00:00,70.83,19.39,3.06
2026-01-11 03:45:00+00:00,70.72,19.47,2.29
2026-01-11 04:00:00+00:00,70.53,19.65,0.0
2026-01-11 04:15:00+00:00,70.4,19.88,0.0
2026-01-11 04:30:00+00:00,70.06,20.18,0.0
2026-01-11 04:45:00+00:00,70.11,19.61,0.0
2026-01-11 05:00:00+00:00,69.84,20.4,3.21
2026-01-11 05:15:00+00:00,69.72,20.14,0.0
2026-01-11 05:30:00+00:00,69.72,21.11,0.0
2026-01-11 05:45:00+00:00,69.75,21.42,0.0
2026-01-11 06:00:00+00:00,69.37,22.06,0.57
2026-01-11 06:15:00+00:00,69.24,22.45,7.7
2026-01-11 06:30:00+00:00,69.18,22.52,13.77
2026-01-11 06:45:00+00:00,69.06,22.67,21.63
2026-01-11 07:00:00+00:00,69.12,23.34,22.05
2026-01-11 07:15:00+00:00,68.85,23.42,34.14
2026-01-11 07:30:00+00:00,68.38,23.97,37.19
2026-01-11 07:45:00+00:00,68.33,24.65,45.16
2026-01-11 08:00:00+00:00,68.08,24.58,46.76
2026-01-11 08:15:00+00:00,67.63,25.38,54.9
2026-01-11 08:30:00+00:00,67.41,25.74,60.62
2026-01-11 08:45:00+00:00,67.39,25.63,67.46
2026-01-11 09:00:00+00:00,66.99,26.6,66.7
2026-01-11 09:15:00+00:00,67.12,26.89,74.35
2026-01-11 09:30:00+00:00,66.77,27.08,76.22
2026-01-11 09:45:00+00:00,66.55,27.18,83.16
2026-01-11 10:00:00+00:00,66.14,27.49,87.12
2026-01-11 10:15:00+00:00,65.9,27.92,91.19
2026-01-11 10:30:00+00:00,65.62,28.57,90.21
2026-01-11 10:45:00+00:00,65.15,28.42,95.42
2026-01-11 11:00:00+00:00,65.3,29.12,98.16
2026-01-11 11:15:00+00:00,64.97,28.89,93.62
2026-01-11 11:30:00+00:00,64.62,29.45,99.18
2026-01-11 11:45:00+00:00,64.49,29.77,100.0
2026-01-11 12:00:00+00:00,64.48,30.68,98.29
2026-01-11 12:15:00+00:00,64.37,29.72,96.17
2026-01-11 12:30:00+00:00,63.9,30.74,99.85
2026-01-11 12:45:00+00:00,63.65,30.48,94.51
2026-01-11 13:00:00+00:00,63.08,30.67,95.08
2026-01-11 13:15:00+00:00,62.93,30.67,93.48
2026-01-11 13:30:00+00:00,62.39,30.83,92.72
2026-01-11 13:45:00+00:00,61.99,30.69,87.36
2026-01-11 14:00:00+00:00,61.7,31.19,84.2
2026-01-11 14:15:00+00:00,61.48,30.6,82.35
2026-01-11 14:30:00+00:00,61.16,31.04,80.4
2026-01-11 14:45:00+00:00,61.11,30.44,78.86
2026-01-11 15:00:00+00:00,60.95,30.53,66.85
2026-01-11 15:15:00+00:00,60.78,30.11,65.78
2026-01-11 15:30:00+00:00,60.33,30.43,57.98
2026-01-11 15:45:00+00:00,60.32,30.57,56.93
2026-01-11 16:00:00+00:00,59.94,29.92,47.53
2026-01-11 16:15:00+00:00,59.96,29.68,42.35
2026-01-11 16:30:00+00:00,60.03,29.18,36.63
2026-01-11 16:45:00+00:00,59.87,29.19,31.61
2026-01-11 17:00:00+00:00,59.8,28.52,26.22
2026-01-11 17:15:00+00:00,59.12,28.43,20.24
2026-01-11 17:30:00+00:00,58.88,28.47,12.89
2026-01-11 17:45:00+00:00,58.84,28.48,3.8
2026-01-11 18:00:00+00:00,58.77,28.59,1.46
2026-01-11 18:15:00+00:00,58.4,27.23,0.0
2026-01-11 18:30:00+00:00,58.16,27.48,2.32
2026-01-11 18:45:00+00:00,57.6,26.75,0.0
2026-01-11 19:00:00+00:00,57.48,26.26,0.0
2026-01-11 19:15:00+00:00,57.03,26.05,0.0
2026-01-11 19:30:00+00:00,57.04,25.55,2.59
2026-01-11 19:45:00+00:00,57.06,25.18,0.32
2026-01-11 20:00:00+00:00,56.83,24.63,0.0
2026-01-11 20:15:00+00:00,56.77,23.94,0.0
2026-01-11 20:30:00+00:00,56.61,23.5,3.52
2026-01-11 20:45:00+00:00,56.51,23.78,0.0
2026-01-11 21:00:00+00:00,56.21,23.11,0.0
2026-01-11 21:15:00+00:00,56.18,22.64,1.14
2026-01-11 21:30:00+00:00,55.82,22.46,0.0
2026-01-11 21:45:00+00:00,55.43,22.34,2.55
2026-01-11 22:00:00+00:00,55.3,21.8,1.25
2026-01-11 22:15:00+00:00,55.17,21.22,1.8
2026-01-11 22:30:00+00:00,55.11,21.47,1.12
2026-01-11 22:45:00+00:00,54.91,21.27,0.0
2026-01-11 23:00:00+00:00,55.11,20.66,0.0
2026-01-11 23:15:00+00:00,55.04,20.53,0.0
2026-01-11 23:30:00+00:00,54.99,20.36,0.0
2026-01-11 23:45:00+00:00,54.94,20.1,0.97
2026-01-12 00:00:00+00:00,55.01,20.13,1.61
2026-01-12 00:15:00+00:00,55.01,19.94,2.95
2026-01-12 00:30:00+00:00,55.0,19.75,0.74
2026-01-12 00:45:00+00:00,55.03,19.13,1.85
2026-01-12 01:00:00+00:00,54.67,19.55,0.0
2026-01-12 01:15:00+00:00,54.32,18.85,0.0
2026-01-12 01:30:00+00:00,54.23,18.95,0.95
2026-01-12 01:45:00+00:00,54.12,19.54,0.0
2026-01-12 02:00:00+00:00,54.13,19.39,0.54
2026-01-12 02:15:00+00:00,54.05,19.6,0.0
2026-01-12 02:30:00+00:00,54.06,19.11,0.0
2026-01-12 02:45:00+00:00,53.79,18.91,1.27
2026-01-12 03:00:00+00:00,53.71,19.27,1.77
2026-01-12 03:15:00+00:00,53.43,19.49,0.0
2026-01-12 03:30:00+00:00,53.41,19.62,1.34
2026-01-12 03:45:00+00:00,53.04,20.1,0.0
2026-01-12 04:00:00+00:00,53.02,19.84,0.03
2026-01-12 04:15:00+00:00,52.71,20.26,2.83
2026-01-12 04:30:00+00:00,52.57,20.08,1.61
2026-01-12 04:45:00+00:00,52.61,20.76,1.59
2026-01-12 05:00:00+00:00,52.55,20.9,3.82
2026-01-12 05:15:00+00:00,52.21,20.96,0.0
2026-01-12 05:30:00+00:00,52.01,21.42,0.0
2026-01-12 05:45:00+00:00,51.68,21.75,0.0
2026-01-12 06:00:00+00:00,51.31,22.06,0.0
2026-01-12 06:15:00+00:00,51.2,23.02,0.42
2026-01-12 06:30:00+00:00,51.16,22.81,9.81
2026-01-12 06:45:00+00:00,51.09,23.14,14.2
2026-01-12 07:00:00+00:00,51.05,22.96,21.85
2026-01-12 07:15:00+00:00,50.9,23.7,25.9
2026-01-12 07:30:00+00:00,50.7,24.28,28.79
2026-01-12 07:45:00+00:00,50.37,24.54,35.84
2026-01-12 08:00:00+00:00,50.12,25.55,40.63
2026-01-12 08:15:00+00:00,49.74,25.48,42.0
2026-01-12 08:30:00+00:00,49.41,26.31,46.72
2026-01-12 08:45:00+00:00,49.23,26.33,47.22
2026-01-12 09:00:00+00:00,49.0,26.7,53.23
2026-01-12 09:15:00+00:00,49.25,27.04,57.44
2026-01-12 09:30:00+00:00,48.83,27.44,62.32
2026-01-12 09:45:00+00:00,48.57,28.31,63.27
2026-01-12 10:00:00+00:00,48.13,27.44,66.84
2026-01-12 10:15:00+00:00,47.84,27.87,67.84
2026-01-12 10:30:00+00:00,47.54,28.63,72.74
2026-01-12 10:45:00+00:00,47.42,29.1,75.06
2026-01-12 11:00:00+00:00,47.09,29.59,76.5
2026-01-12 11:15:00+00:00,46.79,29.79,76.89
2026-01-12 11:30:00+00:00,46.46,29.78,74.62
2026-01-12 11:45:00+00:00,45.98,30.43,76.96
2026-01-12 12:00:00+00:00,45.6,30.64,77.55
2026-01-12 12:15:00+00:00,45.27,30.58,77.39
2026-01-12 12:30:00+00:00,45.0,30.97,77.85
2026-01-12 12:45:00+00:00,44.8,30.9,79.71
2026-01-12 13:00:00+00:00,44.48,30.77,77.32
2026-01-12 13:15:00+00:00,44.16,31.23,72.23
2026-01-12 13:30:00+00:00,43.62,31.12,73.76
2026-01-12 13:45:00+00:00,43.41,31.13,71.57
2026-01-12 14:00:00+00:00,43.02,31.58,66.26
2026-01-12 14:15:00+00:00,42.87,30.39,66.86
2026-01-12 14:30:00+00:00,42.79,30.66,61.85
2026-01-12 14:45:00+00:00,42.5,30.67,56.1
2026-01-12 15:00:00+00:00,42.07,30.83,56.32
2026-01-12 15:15:00+00:00,41.8,30.74,52.11
2026-01-12 15:30:00+00:00,41.6,30.23,47.25
2026-01-12 15:45:00+00:00,41.3,30.23,43.46
2026-01-12 16:00:00+00:00,40.96,30.08,37.75
2026-01-12 16:15:00+00:00,40.78,30.87,35.88
2026-01-12 16:30:00+00:00,40.61,30.44,29.9
2026-01-12 16:45:00+00:00,40.32,29.53,25.52
2026-01-12 17:00:00+00:00,39.84,29.27,21.0
2026-01-12 17:15:00+00:00,39.69,28.75,12.98
2026-01-12 17:30:00+00:00,39.37,28.22,8.44
2026-01-12 17:45:00+00:00,39.2,28.44,0.71
2026-01-12 18:00:00+00:00,39.02,27.84,1.13
2026-01-12 18:15:00+00:00,38.54,27.77,0.0
2026-01-12 18:30:00+00:00,38.37,26.96,0.27
2026-01-12 18:45:00+00:00,38.26,26.84,0.74
2026-01-12 19:00:00+00:00,38.18,26.74,1.2
2026-01-12 19:15:00+00:00,38.02,26.42,0.0
2026-01-12 19:30:00+00:00,37.55,26.05,0.0
2026-01-12 19:45:00+00:00,37.58,25.14,3.34
2026-01-12 20:00:00+00:00,37.48,25.4,3.43
2026-01-12 20:15:00+00:00,37.15,24.51,1.97
2026-01-12 20:30:00+00:00,36.89,24.55,0.67
2026-01-12 20:45:00+00:00,36.78,23.97,0.0
2026-01-12 21:00:00+00:00,36.75,23.17,1.44
2026-01-12 21:15:00+00:00,36.55,23.12,0.0
2026-01-12 21:30:00+00:00,36.55,22.95,1.12
2026-01-12 21:45:00+00:00,36.16,22.67,0.0
2026-01-12 22:00:00+00:00,35.9,22.1,0.0
2026-01-12 22:15:00+00:00,35.47,22.27,0.33
2026-01-12 22:30:00+00:00,35.23,21.79,0.49
2026-01-12 22:45:00+00:00,35.36,21.11,0.99
2026-01-12 23:00:00+00:00,35.57,21.12,0.0
2026-01-12 23:15:00+00:00,35.51,21.21,0.0
2026-01-12 23:30:00+00:00,35.32,20.97,3.25
2026-01-12 23:45:00+00:00,35.2,19.78,4.98
2026-01-13 00:00:00+00:00,35.19,19.7,0.89
2026-01-13 00:15:00+00:00,34.87,20.24,0.0
2026-01-13 00:30:00+00:00,34.71,19.31,0.0
2026-01-13 00:45:00+00:00,34.84,19.09,1.02
2026-01-13 01:00:00+00:00,34.61,19.23,2.68
2026-01-13 01:15:00+00:00,34.41,19.41,0.0
2026-01-13 01:30:00+00:00,34.33,19.19,0.0
2026-01-13 01:45:00+00:00,34.3,18.99,0.39
2026-01-13 02:00:00+00:00,34.12,18.97,1.73
2026-01-13 02:15:00+00:00,34.05,18.97,0.0
2026-01-13 02:30:00+00:00,34.07,18.96,0.0
2026-01-13 02:45:00+00:00,34.28,19.97,1.24
2026-01-13 03:00:00+00:00,34.18,19.47,2.25
2026-01-13 03:15:00+00:00,34.09,19.76,0.0
2026-01-13 03:30:00+00:00,34.24,19.48,0.81
2026-01-13 03:45:00+00:00,34.08,19.74,0.0
2026-01-13 04:00:00+00:00,33.8,19.76,0.0
2026-01-13 04:15:00+00:00,33.76,19.39,2.05
2026-01-13 04:30:00+00:00,33.84,20.0,0.77
2026-01-13 04:45:00+00:00,33.81,20.12,0.98
2026-01-13 05:00:00+00:00,33.71,20.26,3.0
2026-01-13 05:15:00+00:00,33.4,20.86,0.0
2026-01-13 05:30:00+00:00,33.28,21.92,0.0
2026-01-13 05:45:00+00:00,33.36,21.83,0.32
2026-01-13 06:00:00+00:00,33.06,22.56,0.0
2026-01-13 06:15:00+00:00,32.9,22.64,7.15
2026-01-13 06:30:00+00:00,32.71,23.11,10.78
2026-01-13 06:45:00+00:00,32.47,22.97,14.68
2026-01-13 07:00:00+00:00,32.36,23.78,22.24
2026-01-13 07:15:00+00:00,32.27,24.22,27.8
2026-01-13 07:30:00+00:00,32.17,24.22,34.56
2026-01-13 07:45:00+00:00,31.85,24.95,38.57
2026-01-13 08:00:00+00:00,31.42,25.34,43.64
2026-01-13 08:15:00+00:00,31.28,25.4,48.11
2026-01-13 08:30:00+00:00,31.01,25.62,51.63
2026-01-13 08:45:00+00:00,31.09,25.99,54.9
2026-01-13 09:00:00+00:00,31.16,26.75,60.99
2026-01-13 09:15:00+00:00,31.24,27.2,63.57
2026-01-13 09:30:00+00:00,30.87,27.23,71.16
2026-01-13 09:45:00+00:00,30.73,27.83,73.72
2026-01-13 10:00:00+00:00,30.61,28.34,75.26
2026-01-13 10:15:00+00:00,30.48,28.69,77.38
2026-01-13 10:30:00+00:00,30.17,29.29,78.76
2026-01-13 10:45:00+00:00,30.1,29.51,78.38
2026-01-13 11:00:00+00:00,90.39,29.11,82.09
2026-01-13 11:15:00+00:00,89.89,30.19,84.0
2026-01-13 11:30:00+00:00,89.71,29.77,85.16
2026-01-13 11:45:00+00:00,89.39,30.48,86.19
2026-01-13 12:00:00+00:00,89.19,30.39,87.28
2026-01-13 12:15:00+00:00,88.94,30.43,83.87
2026-01-13 12:30:00+00:00,88.69,30.17,83.34
2026-01-13 12:45:00+00:00,88.4,30.8,86.7
2026-01-13 13:00:00+00:00,88.24,30.5,84.07
2026-01-13 13:15:00+00:00,87.92,31.35,80.12
2026-01-13 13:30:00+00:00,87.41,31.58,78.72
2026-01-13 13:45:00+00:00,87.21,30.92,76.42
2026-01-13 14:00:00+00:00,86.81,31.26,74.05
2026-01-13 14:15:00+00:00,86.33,30.94,71.98
2026-01-13 14:30:00+00:00,85.89,30.93,72.85
2026-01-13 14:45:00+00:00,85.65,31.29,64.61
2026-01-13 15:00:00+00:00,85.36,30.96,61.74
2026-01-13 15:15:00+00:00,84.77,31.38,52.96
2026-01-13 15:30:00+00:00,84.45,30.57,51.04
2026-01-13 15:45:00+00:00,84.35,30.85,49.92
2026-01-13 16:00:00+00:00,84.03,30.4,43.52
2026-01-13 16:15:00+00:00,83.75,30.4,29.01
2026-01-13 16:30:00+00:00,83.66,29.8,34.04
2026-01-13 16:45:00+00:00,83.54,29.67,31.3
2026-01-13 17:00:00+00:00,83.47,29.38,18.12
2026-01-13 17:15:00+00:00,82.83,28.88,19.71
2026-01-13 17:30:00+00:00,82.87,29.02,5.61
2026-01-13 17:45:00+00:00,82.75,28.7,7.46
2026-01-13 18:00:00+00:00,82.92,28.35,0.0
2026-01-13 18:15:00+00:00,82.59,28.29,0.0
2026-01-13 18:30:00+00:00,82.13,27.9,0.89
2026-01-13 18:45:00+00:00,81.95,26.99,2.3
2026-01-13 19:00:00+00:00,81.72,26.84,0.73
2026-01-13 19:15:00+00:00,81.65,26.16,1.17
2026-01-13 19:30:00+00:00,81.64,25.96,0.0
2026-01-13 19:45:00+00:00,81.46,25.39,0.0
2026-01-13 20:00:00+00:00,81.26,25.66,1.38
2026-01-13 20:15:00+00:00,81.19,24.89,3.5
2026-01-13 20:30:00+00:00,81.0,24.32,2.26
2026-01-13 20:45:00+00:00,80.8,24.36,0.0
2026-01-13 21:00:00+00:00,80.84,22.97,0.0
2026-01-13 21:15:00+00:00,80.91,22.64,0.0
2026-01-13 21:30:00+00:00,80.94,23.12,0.0
2026-01-13 21:45:00+00:00,80.8,22.54,0.09
2026-01-13 22:00:00+00:00,80.36,22.25,0.79
2026-01-13 22:15:00+00:00,80.24,21.44,0.0
2026-01-13 22:30:00+00:00,80.02,21.51,1.55
2026-01-13 22:45:00+00:00,79.89,21.82,1.2
2026-01-13 23:00:00+00:00,79.7,21.18,0.0
2026-01-13 23:15:00+00:00,79.6,20.71,0.0
2026-01-13 23:30:00+00:00,79.36,20.28,0.0
2026-01-13 23:45:00+00:00,79.09,20.07,0.0
2026-01-14 00:00:00+00:00,79.19,19.9,0.01
2026-01-14 00:15:00+00:00,78.96,20.43,0.34
2026-01-14 00:30:00+00:00,78.87,20.45,0.76
2026-01-14 00:45:00+00:00,78.94,19.58,0.49
2026-01-14 01:00:00+00:00,78.99,19.74,0.0
2026-01-14 01:15:00+00:00,79.03,19.5,0.57
2026-01-14 01:30:00+00:00,79.0,19.5,2.0
2026-01-14 01:45:00+00:00,79.03,19.77,0.0
2026-01-14 02:00:00+00:00,79.15,19.11,0.64
2026-01-14 02:15:00+00:00,79.13,19.93,0.0
2026-01-14 02:30:00+00:00,78.78,20.01,0.0
2026-01-14 02:45:00+00:00,78.62,19.78,1.05
2026-01-14 03:00:00+00:00,78.64,19.2,0.0
2026-01-14 03:15:00+00:00,78.47,19.76,0.77
2026-01-14 03:30:00+00:00,78.62,20.56,0.06
2026-01-14 03:45:00+00:00,78.53,19.52,0.0
2026-01-14 04:00:00+00:00,78.46,20.44,0.0
2026-01-14 04:15:00+00:00,78.54,20.39,0.0
2026-01-14 04:30:00+00:00,78.42,21.22,0.0
2026-01-14 04:45:00+00:00,78.35,21.02,0.77
2026-01-14 05:00:00+00:00,78.38,21.61,0.46
2026-01-14 05:15:00+00:00,78.05,21.95,1.7
2026-01-14 05:30:00+00:00,77.89,22.63,0.0
2026-01-14 05:45:00+00:00,77.89,22.34,3.79
2026-01-14 06:00:00+00:00,77.78,22.85,0.0
2026-01-14 06:15:00+00:00,77.88,22.64,4.24
2026-01-14 06:30:00+00:00,77.5,23.8,9.97
2026-01-14 06:45:00+00:00,77.11,23.58,14.41
2026-01-14 07:00:00+00:00,77.07,24.02,26.78
2026-01-14 07:15:00+00:00,77.03,24.56,32.19
2026-01-14 07:30:00+00:00,76.84,24.48,36.26
2026-01-14 07:45:00+00:00,76.72,25.41,38.73
2026-01-14 08:00:00+00:00,76.63,26.03,49.43
2026-01-14 08:15:00+00:00,76.31,26.22,50.2
2026-01-14 08:30:00+00:00,76.01,26.04,55.23
2026-01-14 08:45:00+00:00,75.82,26.87,63.28
2026-01-14 09:00:00+00:00,75.73,27.51,66.1
2026-01-14 09:15:00+00:00,75.34,27.1,73.28
2026-01-14 09:30:00+00:00,75.07,27.71,73.18
2026-01-14 09:45:00+00:00,74.79,28.65,75.38
2026-01-14 10:00:00+00:00,74.6,28.82,78.12
2026-01-14 10:15:00+00:00,74.34,29.19,78.47
2026-01-14 10:30:00+00:00,73.99,29.95,84.09
2026-01-14 10:45:00+00:00,73.9,29.83,89.04
2026-01-14 11:00:00+00:00,73.55,30.18,89.69
2026-01-14 11:15:00+00:00,73.21,31.06,89.9
2026-01-14 11:30:00+00:00,72.69,30.43,88.84
2026-01-14 11:45:00+00:00,72.3,30.49,91.87
2026-01-14 12:00:00+00:00,72.09,31.06,93.64
2026-01-14 12:15:00+00:00,71.84,31.25,92.28
2026-01-14 12:30:00+00:00,71.64,31.12,91.17
2026-01-14 12:45:00+00:00,71.43,31.11,88.26
2026-01-14 13:00:00+00:00,71.43,32.22,90.23
2026-01-14 13:15:00+00:00,71.03,31.72,80.49
2026-01-14 13:30:00+00:00,70.49,31.47,85.41
2026-01-14 13:45:00+00:00,70.03,32.0,87.31
2026-01-14 14:00:00+00:00,69.63,31.7,76.33
2026-01-14 14:15:00+00:00,69.19,31.65,75.69
2026-01-14 14:30:00+00:00,68.91,31.85,72.67
2026-01-14 14:45:00+00:00,68.81,31.23,67.96
2026-01-14 15:00:00+00:00,68.76,31.64,66.86
2026-01-14 15:15:00+00:00,68.54,31.99,61.35
2026-01-14 15:30:00+00:00,68.58,31.42,56.08
2026-01-14 15:45:00+00:00,68.26,31.0,52.49
2026-01-14 16:00:00+00:00,67.75,30.78,45.84
2026-01-14 16:15:00+00:00,67.64,30.6,46.88
2026-01-14 16:30:00+00:00,67.12,30.42,35.36
2026-01-14 16:45:00+00:00,66.75,30.13,29.84
2026-01-14 17:00:00+00:00,66.59,30.25,20.29
2026-01-14 17:15:00+00:00,66.35,29.17,16.79
2026-01-14 17:30:00+00:00,66.09,29.65,14.25
2026-01-14 17:45:00+00:00,65.69,28.96,3.32
2026-01-14 18:00:00+00:00,65.48,28.85,0.0
2026-01-14 18:15:00+00:00,65.43,28.05,0.06
2026-01-14 18:30:00+00:00,65.22,28.43,2.74
2026-01-14 18:45:00+00:00,64.9,28.04,0.08
2026-01-14 19:00:00+00:00,64.52,27.58,0.0
2026-01-14 19:15:00+00:00,64.22,26.45,0.0
2026-01-14 19:30:00+00:00,64.1,26.77,0.9
2026-01-14 19:45:00+00:00,63.97,26.25,1.32
2026-01-14 20:00:00+00:00,63.7,25.25,0.0
2026-01-14 20:15:00+00:00,63.2,25.34,2.27
2026-01-14 20:30:00+00:00,63.11,25.06,1.53
2026-01-14 20:45:00+00:00,62.82,24.73,2.26
2026-01-14 21:00:00+00:00,62.78,24.24,1.17
2026-01-14 21:15:00+00:00,62.53,23.9,1.31
2026-01-14 21:30:00+00:00,62.24,23.88,1.04
2026-01-14 21:45:00+00:00,62.13,23.45,1.74
2026-01-14 22:00:00+00:00,62.38,21.88,0.0
2026-01-14 22:15:00+00:00,62.38,22.31,0.0
2026-01-14 22:30:00+00:00,62.29,22.03,0.0
2026-01-14 22:45:00+00:00,62.24,21.25,0.0
2026-01-14 23:00:00+00:00,61.87,21.52,0.78
2026-01-14 23:15:00+00:00,61.6,21.6,0.65
2026-01-14 23:30:00+00:00,61.13,20.65,2.23
2026-01-14 23:45:00+00:00,61.3,20.85,2.3
2026-01-15 00:00:00+00:00,61.44,20.5,0.0
2026-01-15 00:15:00+00:00,61.41,20.39,0.48
2026-01-15 00:30:00+00:00,61.34,20.87,0.0
2026-01-15 00:45:00+00:00,61.03,20.13,0.0
2026-01-15 01:00:00+00:00,60.91,20.31,0.64
2026-01-15 01:15:00+00:00,61.1,19.52,0.0
2026-01-15 01:30:00+00:00,61.03,20.58,4.82
2026-01-15 01:45:00+00:00,60.86,20.16,1.13
2026-01-15 02:00:00+00:00,60.52,19.92,0.0
2026-01-15 02:15:00+00:00,60.64,20.16,3.85
2026-01-15 02:30:00+00:00,60.55,19.6,0.0
2026-01-15 02:45:00+00:00,60.2,20.44,0.27
2026-01-15 03:00:00+00:00,59.98,20.08,0.0
2026-01-15 03:15:00+00:00,59.7,20.23,3.3
2026-01-15 03:30:00+00:00,59.6,20.28,0.0
2026-01-15 03:45:00+00:00,59.54,20.41,0.3
2026-01-15 04:00:00+00:00,59.37,20.98,2.41
2026-01-15 04:15:00+00:00,59.39,21.06,1.17
2026-01-15 04:30:00+00:00,59.3,21.41,0.0
2026-01-15 04:45:00+00:00,59.36,21.46,2.22
2026-01-15 05:00:00+00:00,59.19,21.88,5.08
2026-01-15 05:15:00+00:00,59.54,21.89,0.63
2026-01-15 05:30:00+00:00,59.33,22.99,0.23
2026-01-15 05:45:00+00:00,59.08,22.17,0.34
2026-01-15 06:00:00+00:00,58.8,23.35,2.62
2026-01-15 06:15:00+00:00,58.63,23.73,3.36
2026-01-15 06:30:00+00:00,58.24,23.42,8.54
2026-01-15 06:45:00+00:00,58.12,24.71,10.52
2026-01-15 07:00:00+00:00,57.68,24.72,15.66
2026-01-15 07:15:00+00:00,57.54,25.09,21.36
2026-01-15 07:30:00+00:00,57.16,25.2,26.55
2026-01-15 07:45:00+00:00,56.93,25.51,34.35
2026-01-15 08:00:00+00:00,56.83,25.91,35.9
2026-01-15 08:15:00+00:00,56.98,26.48,36.88
2026-01-15 08:30:00+00:00,56.61,27.17,40.95
2026-01-15 08:45:00+00:00,56.37,27.2,48.68
2026-01-15 09:00:00+00:00,56.05,27.25,51.51
2026-01-15 09:15:00+00:00,55.69,28.15,52.43
2026-01-15 09:30:00+00:00,55.35,28.54,54.38
2026-01-15 09:45:00+00:00,55.23,28.82,60.17
2026-01-15 10:00:00+00:00,54.91,29.19,58.34
2026-01-15 10:15:00+00:00,55.0,29.22,63.26
2026-01-15 10:30:00+00:00,54.81,29.34,68.9
2026-01-15 10:45:00+00:00,54.4,29.67,66.37
2026-01-15 11:00:00+00:00,54.08,29.72,65.73
2026-01-15 11:15:00+00:00,53.69,30.55,69.14
2026-01-15 11:30:00+00:00,53.54,30.71,68.12
2026-01-15 11:45:00+00:00,53.01,30.83,66.72
2026-01-15 12:00:00+00:00,52.54,30.28,71.06
2026-01-15 12:15:00+00:00,52.17,30.98,71.75
2026-01-15 12:30:00+00:00,51.98,31.85,68.44
2026-01-15 12:45:00+00:00,51.88,31.45,67.57
2026-01-15 13:00:00+00:00,51.8,31.87,65.36
2026-01-15 13:15:00+00:00,51.59,31.44,65.66
2026-01-15 13:30:00+00:00,51.29,32.35,63.23
2026-01-15 13:45:00+00:00,51.12,31.91,60.45
2026-01-15 14:00:00+00:00,50.65,32.06,64.11
2026-01-15 14:15:00+00:00,50.08,32.66,58.85
2026-01-15 14:30:00+00:00,49.85,32.37,56.41
2026-01-15 14:45:00+00:00,49.41,31.76,54.14
2026-01-15 15:00:00+00:00,49.12,31.59,50.8
2026-01-15 15:15:00+00:00,48.87,31.55,45.1
2026-01-15 15:30:00+00:00,48.63,31.67,42.95
2026-01-15 15:45:00+00:00,48.5,31.32,38.16
2026-01-15 16:00:00+00:00,48.36,31.05,35.71
2026-01-15 16:15:00+00:00,48.12,31.4,31.49
2026-01-15 16:30:00+00:00,47.8,30.7,25.89
2026-01-15 16:45:00+00:00,47.56,31.17,19.73
2026-01-15 17:00:00+00:00,47.23,30.24,18.32
2026-01-15 17:15:00+00:00,46.96,30.46,13.18
2026-01-15 17:30:00+00:00,47.12,29.73,5.31
2026-01-15 17:45:00+00:00,46.92,29.59,5.57
2026-01-15 18:00:00+00:00,46.78,28.75,1.93
2026-01-15 18:15:00+00:00,46.46,28.37,5.06
2026-01-15 18:30:00+00:00,46.41,28.4,0.0
2026-01-15 18:45:00+00:00,46.32,28.2,0.0
2026-01-15 19:00:00+00:00,46.24,27.54,0.0
2026-01-15 19:15:00+00:00,46.09,26.75,0.42
2026-01-15 19:30:00+00:00,46.07,26.35,0.4
2026-01-15 19:45:00+00:00,46.09,25.93,0.0
2026-01-15 20:00:00+00:00,45.98,25.44,0.0
2026-01-15 20:15:00+00:00,45.79,25.61,0.0
2026-01-15 20:30:00+00:00,45.76,25.52,1.85
2026-01-15 20:45:00+00:00,45.48,24.8,0.0
2026-01-15 21:00:00+00:00,45.23,23.74,0.0
2026-01-15 21:15:00+00:00,45.09,23.98,0.0
2026-01-15 21:30:00+00:00,44.69,23.63,0.0
2026-01-15 21:45:00+00:00,44.67,23.95,0.0
2026-01-15 22:00:00+00:00,44.41,22.53,0.0
2026-01-15 22:15:00+00:00,44.22,22.52,0.96
2026-01-15 22:30:00+00:00,44.07,22.83,2.88
2026-01-15 22:45:00+00:00,43.96,22.15,1.47
2026-01-15 23:00:00+00:00,43.8,21.9,1.92
2026-01-15 23:15:00+00:00,43.69,21.49,2.89
2026-01-15 23:30:00+00:00,43.58,21.31,1.14
2026-01-15 23:45:00+00:00,43.41,21.21,0.0
2026-01-16 00:00:00+00:00,43.21,20.1,2.02
2026-01-16 00:15:00+00:00,43.29,20.42,2.15
2026-01-16 00:30:00+00:00,42.89,19.59,1.3
2026-01-16 00:45:00+00:00,42.78,19.96,0.0
2026-01-16 01:00:00+00:00,42.63,19.8,0.0
2026-01-16 01:15:00+00:00,42.61,19.47,0.0
2026-01-16 01:30:00+00:00,42.31,19.58,1.56
2026-01-16 01:45:00+00:00,42.16,19.37,0.0
2026-01-16 02:00:00+00:00,42.06,19.22,2.27
2026-01-16 02:15:00+00:00,42.14,19.45,2.63
2026-01-16 02:30:00+00:00,42.11,19.26,2.4
2026-01-16 02:45:00+00:00,41.85,19.75,2.41
2026-01-16 03:00:00+00:00,41.7,19.4,0.0
2026-01-16 03:15:00+00:00,41.75,20.07,0.97
2026-01-16 03:30:00+00:00,41.49,19.64,0.0
2026-01-16 03:45:00+00:00,41.4,19.99,0.0
2026-01-16 04:00:00+00:00,41.31,20.16,0.0
2026-01-16 04:15:00+00:00,41.16,20.95,2.65
2026-01-16 04:30:00+00:00,41.47,20.88,0.92
2026-01-16 04:45:00+00:00,41.31,20.97,4.04
2026-01-16 05:00:00+00:00,41.28,21.45,0.35
2026-01-16 05:15:00+00:00,41.07,20.95,4.9
2026-01-16 05:30:00+00:00,41.04,21.87,0.36
2026-01-16 05:45:00+00:00,41.05,22.81,0.04
2026-01-16 06:00:00+00:00,40.84,22.58,0.0
2026-01-16 06:15:00+00:00,40.7,22.91,8.41
2026-01-16 06:30:00+00:00,40.43,23.41,11.34
2026-01-16 06:45:00+00:00,40.11,23.88,17.16
2026-01-16 07:00:00+00:00,40.12,23.39,27.04
2026-01-16 07:15:00+00:00,39.89,23.87,32.72
2026-01-16 07:30:00+00:00,39.35,24.82,38.46
2026-01-16 07:45:00+00:00,39.44,24.93,41.11
2026-01-16 08:00:00+00:00,39.13,25.93,47.19
2026-01-16 08:15:00+00:00,38.9,25.84,52.43
2026-01-16 08:30:00+00:00,38.95,25.74,59.14
2026-01-16 08:45:00+00:00,38.72,26.33,65.47
2026-01-16 09:00:00+00:00,38.49,26.27,67.61
2026-01-16 09:15:00+00:00,38.08,27.4,75.06
2026-01-16 09:30:00+00:00,37.6,27.78,76.83
2026-01-16 09:45:00+00:00,37.33,28.07,78.17
2026-01-16 10:00:00+00:00,37.13,28.86,83.56
2026-01-16 10:15:00+00:00,36.91,29.23,88.24
2026-01-16 10:30:00+00:00,36.58,29.14,91.38
2026-01-16 10:45:00+00:00,36.32,28.86,91.93
2026-01-16 11:00:00+00:00,35.77,29.97,91.41
2026-01-16 11:15:00+00:00,35.56,30.22,92.33
2026-01-16 11:30:00+00:00,35.3,30.39,94.92
2026-01-16 11:45:00+00:00,35.31,30.82,97.72
2026-01-16 12:00:00+00:00,35.03,30.39,95.45
2026-01-16 12:15:00+00:00,34.58,31.52,95.28
2026-01-16 12:30:00+00:00,34.29,30.8,93.87
2026-01-16 12:45:00+00:00,33.94,31.45,92.1
2026-01-16 13:00:00+00:00,33.72,30.83,91.03
2026-01-16 13:15:00+00:00,33.43,31.15,89.83
2026-01-16 13:30:00+00:00,32.94,31.94,90.81
2026-01-16 13:45:00+00:00,32.4,31.45,84.35
2026-01-16 14:00:00+00:00,32.14,31.79,82.01
2026-01-16 14:15:00+00:00,32.05,31.6,76.91
2026-01-16 14:30:00+00:00,31.77,31.46,76.47
2026-01-16 14:45:00+00:00,31.6,31.83,73.84
2026-01-16 15:00:00+00:00,31.47,31.27,70.13
2026-01-16 15:15:00+00:00,31.24,30.69,62.77
2026-01-16 15:30:00+00:00,30.84,30.84,58.72
2026-01-16 15:45:00+00:00,30.6,31.09,52.24
2026-01-16 16:00:00+00:00,30.52,30.86,48.35
2026-01-16 16:15:00+00:00,30.34,30.06,42.46
2026-01-16 16:30:00+00:00,30.21,30.08,36.31
2026-01-16 16:45:00+00:00,87.61,29.88,30.68
2026-01-16 17:00:00+00:00,87.36,29.67,25.38
2026-01-16 17:15:00+00:00,87.13,29.08,17.86
2026-01-16 17:30:00+00:00,87.08,29.0,11.86
2026-01-16 17:45:00+00:00,86.51,28.66,9.6
2026-01-16 18:00:00+00:00,86.3,28.77,5.42
2026-01-16 18:15:00+00:00,86.09,28.44,0.0
2026-01-16 18:30:00+00:00,85.68,27.79,0.0
2026-01-16 18:45:00+00:00,85.59,27.35,0.0
2026-01-16 19:00:00+00:00,85.3,27.14,0.0
2026-01-16 19:15:00+00:00,85.07,26.47,1.79
2026-01-16 19:30:00+00:00,85.17,25.98,1.18
2026-01-16 19:45:00+00:00,85.16,25.65,0.34
2026-01-16 20:00:00+00:00,85.08,25.35,1.06
2026-01-16 20:15:00+00:00,84.99,24.8,0.0
2026-01-16 20:30:00+00:00,84.81,24.81,0.0
2026-01-16 20:45:00+00:00,84.96,24.59,0.0
2026-01-16 21:00:00+00:00,84.95,23.51,0.0
2026-01-16 21:15:00+00:00,84.71,23.62,0.0
2026-01-16 21:30:00+00:00,84.37,23.18,0.0
2026-01-16 21:45:00+00:00,84.33,22.99,1.53
2026-01-16 22:00:00+00:00,84.2,22.54,0.49
2026-01-16 22:15:00+00:00,83.88,21.77,1.22
2026-01-16 22:30:00+00:00,83.84,21.51,0.0
2026-01-16 22:45:00+00:00,83.7,21.59,0.0
2026-01-16 23:00:00+00:00,83.67,21.61,1.33
2026-01-16 23:15:00+00:00,83.65,20.37,0.0
2026-01-16 23:30:00+00:00,83.47,20.88,2.45
2026-01-16 23:45:00+00:00,83.47,20.91,0.0
2026-01-17 00:00:00+00:00,83.3,20.48,1.69
2026-01-17 00:15:00+00:00,83.15,20.51,0.0
2026-01-17 00:30:00+00:00,82.99,19.97,2.1
2026-01-17 00:45:00+00:00,83.08,20.01,6.42
2026-01-17 01:00:00+00:00,82.96,19.44,0.0
2026-01-17 01:15:00+00:00,83.08,19.14,1.39
2026-01-17 01:30:00+00:00,83.27,20.06,0.0
2026-01-17 01:45:00+00:00,83.08,19.44,0.85
2026-01-17 02:00:00+00:00,82.56,19.59,0.0
2026-01-17 02:15:00+00:00,82.63,19.32,0.26
2026-01-17 02:30:00+00:00,82.5,19.35,0.0
2026-01-17 02:45:00+00:00,82.29,19.79,1.56
2026-01-17 03:00:00+00:00,82.12,19.71,0.0
2026-01-17 03:15:00+00:00,81.98,20.16,2.48
2026-01-17 03:30:00+00:00,82.09,20.32,0.0
2026-01-17 03:45:00+00:00,82.03,20.44,0.0
2026-01-17 04:00:00+00:00,82.13,20.6,3.19
2026-01-17 04:15:00+00:00,82.1,21.21,0.0
2026-01-17 04:30:00+00:00,81.97,20.64,3.82
2026-01-17 04:45:00+00:00,81.81,21.2,2.44
2026-01-17 05:00:00+00:00,81.78,21.82,0.0
2026-01-17 05:15:00+00:00,81.8,22.15,0.0
2026-01-17 05:30:00+00:00,81.84,21.65,0.24
2026-01-17 05:45:00+00:00,81.68,22.3,3.05
2026-01-17 06:00:00+00:00,81.58,23.13,0.88
2026-01-17 06:15:00+00:00,81.54,23.22,5.01
2026-01-17 06:30:00+00:00,81.35,23.49,8.89
2026-01-17 06:45:00+00:00,81.03,23.73,13.79
2026-01-17 07:00:00+00:00,80.76,24.06,21.04
2026-01-17 07:15:00+00:00,80.56,24.64,22.9
2026-01-17 07:30:00+00:00,80.5,24.87,26.46
2026-01-17 07:45:00+00:00,80.51,25.32,30.37
2026-01-17 08:00:00+00:00,80.12,25.75,34.5
2026-01-17 08:15:00+00:00,79.85,25.91,36.76
2026-01-17 08:30:00+00:00,79.59,26.67,41.85
2026-01-17 08:45:00+00:00,79.49,27.77,49.95
2026-01-17 09:00:00+00:00,79.2,26.74,49.94
2026-01-17 09:15:00+00:00,78.92,27.75,54.95
2026-01-17 09:30:00+00:00,78.48,27.79,51.54
2026-01-17 09:45:00+00:00,78.32,28.55,60.34
2026-01-17 10:00:00+00:00,78.05,28.74,61.35
2026-01-17 10:15:00+00:00,77.7,29.29,62.9
2026-01-17 10:30:00+00:00,77.4,29.73,66.15
2026-01-17 10:45:00+00:00,77.31,29.74,66.44
2026-01-17 11:00:00+00:00,76.9,30.31,64.53
2026-01-17 11:15:00+00:00,76.51,29.53,71.68
2026-01-17 11:30:00+00:00,76.42,30.96,71.08
2026-01-17 11:45:00+00:00,76.15,30.83,70.43
2026-01-17 12:00:00+00:00,75.97,31.24,69.28
2026-01-17 12:15:00+00:00,75.75,30.74,68.12
2026-01-17 12:30:00+00:00,75.47,31.02,71.05
2026-01-17 12:45:00+00:00,75.13,31.45,73.07
2026-01-17 13:00:00+00:00,74.97,31.52,69.19
2026-01-17 13:15:00+00:00,74.85,31.69,64.66
2026-01-17 13:30:00+00:00,74.72,32.0,66.24
2026-01-17 13:45:00+00:00,74.26,31.18,63.76
2026-01-17 14:00:00+00:00,74.17,32.02,63.4
2026-01-17 14:15:00+00:00,73.83,31.71,60.42
2026-01-17 14:30:00+00:00,73.44,31.61,50.52
2026-01-17 14:45:00+00:00,73.13,31.17,54.63
2026-01-17 15:00:00+00:00,72.98,31.67,48.34
2026-01-17 15:15:00+00:00,72.8,30.68,44.11
2026-01-17 15:30:00+00:00,72.49,31.46,42.97
2026-01-17 15:45:00+00:00,72.35,30.66,40.38
2026-01-17 16:00:00+00:00,72.11,30.94,32.32
2026-01-17 16:15:00+00:00,71.77,30.68,32.9
2026-01-17 16:30:00+00:00,71.41,30.84,28.78
2026-01-17 16:45:00+00:00,71.23,30.18,22.98
2026-01-17 17:00:00+00:00,70.98,29.76,16.69
2026-01-17 17:15:00+00:00,70.54,29.53,11.93
2026-01-17 17:30:00+00:00,70.44,29.76,11.35
2026-01-17 17:45:00+00:00,70.15,29.22,1.63
2026-01-17 18:00:00+00:00,70.18,28.61,2.13
2026-01-17 18:15:00+00:00,69.76,28.31,0.0
2026-01-17 18:30:00+00:00,69.54,27.55,0.0
2026-01-17 18:45:00+00:00,69.24,27.77,0.0
2026-01-17 19:00:00+00:00,68.91,26.75,0.0
2026-01-17 19:15:00+00:00,68.65,27.12,1.23
2026-01-17 19:30:00+00:00,68.74,26.55,0.0
2026-01-17 19:45:00+00:00,68.58,26.83,1.0
2026-01-17 20:00:00+00:00,68.3,25.39,0.18
2026-01-17 20:15:00+00:00,67.86,25.3,0.0
2026-01-17 20:30:00+00:00,67.44,25.48,1.71
2026-01-17 20:45:00+00:00,67.21,24.91,0.0
2026-01-17 21:00:00+00:00,66.97,23.96,0.69
2026-01-17 21:15:00+00:00,66.8,23.86,3.24
2026-01-17 21:30:00+00:00,66.33,23.43,2.88
2026-01-17 21:45:00+00:00,66.18,23.16,0.78
2026-01-17 22:00:00+00:00,66.22,22.52,0.0
2026-01-17 22:15:00+00:00,66.35,22.36,0.0
2026-01-17 22:30:00+00:00,65.96,21.59,0.0
2026-01-17 22:45:00+00:00,65.73,21.81,1.09
2026-01-17 23:00:00+00:00,65.5,21.62,0.0
2026-01-17 23:15:00+00:00,65.42,21.15,1.51
2026-01-17 23:30:00+00:00,65.15,20.48,4.27
2026-01-17 23:45:00+00:00,65.31,21.03,0.0
2026-01-18 00:00:00+00:00,65.23,20.16,0.0
2026-01-18 00:15:00+00:00,65.13,19.65,0.0
2026-01-18 00:30:00+00:00,65.29,19.62,1.55
2026-01-18 00:45:00+00:00,65.21,19.11,0.0
2026-01-18 01:00:00+00:00,65.19,19.14,1.75
2026-01-18 01:15:00+00:00,65.0,19.2,0.0
2026-01-18 01:30:00+00:00,64.71,19.67,1.66
2026-01-18 01:45:00+00:00,64.54,19.07,0.0
2026-01-18 02:00:00+00:00,64.79,19.44,0.0
2026-01-18 02:15:00+00:00,64.8,19.1,0.0
2026-01-18 02:30:00+00:00,64.76,19.37,0.0
2026-01-18 02:45:00+00:00,64.53,19.32,3.98
2026-01-18 03:00:00+00:00,64.59,19.71,0.0
2026-01-18 03:15:00+00:00,64.31,19.4,1.29
2026-01-18 03:30:00+00:00,63.99,19.23,0.0
2026-01-18 03:45:00+00:00,63.83,19.45,0.0
2026-01-18 04:00:00+00:00,64.04,19.89,0.0
2026-01-18 04:15:00+00:00,64.24,19.88,2.2
2026-01-18 04:30:00+00:00,64.09,20.61,0.0
2026-01-18 04:45:00+00:00,63.9,20.59,0.0
2026-01-18 05:00:00+00:00,63.55,21.72,0.31
2026-01-18 05:15:00+00:00,63.47,20.77,1.0
2026-01-18 05:30:00+00:00,63.38,21.65,3.29
2026-01-18 05:45:00+00:00,63.4,21.57,0.71
2026-01-18 06:00:00+00:00,63.42,22.1,1.29
2026-01-18 06:15:00+00:00,63.27,22.63,7.39
2026-01-18 06:30:00+00:00,63.23,22.25,9.58
2026-01-18 06:45:00+00:00,62.99,23.39,15.83
2026-01-18 07:00:00+00:00,62.92,24.26,21.39
2026-01-18 07:15:00+00:00,62.69,23.94,26.6
2026-01-18 07:30:00+00:00,62.59,24.54,36.43
2026-01-18 07:45:00+00:00,62.47,25.16,40.84
2026-01-18 08:00:00+00:00,62.3,25.2,45.68
2026-01-18 08:15:00+00:00,62.23,25.46,45.39
2026-01-18 08:30:00+00:00,61.81,25.35,59.53
2026-01-18 08:45:00+00:00,61.44,26.61,58.23
2026-01-18 09:00:00+00:00,61.18,26.76,68.47
2026-01-18 09:15:00+00:00,60.75,26.87,65.54
2026-01-18 09:30:00+00:00,60.46,27.58,70.6
2026-01-18 09:45:00+00:00,60.17,27.72,71.29
2026-01-18 10:00:00+00:00,60.13,28.09,79.56
2026-01-18 10:15:00+00:00,59.9,28.76,79.44
2026-01-18 10:30:00+00:00,59.81,28.5,81.96
2026-01-18 10:45:00+00:00,59.59,29.52,83.46
2026-01-18 11:00:00+00:00,59.25,29.07,89.49
2026-01-18 11:15:00+00:00,59.0,29.56,90.71
2026-01-18 11:30:00+00:00,58.82,30.58,93.88
2026-01-18 11:45:00+00:00,58.72,30.57,89.47
2026-01-18 12:00:00+00:00,58.41,30.47,91.47
2026-01-18 12:15:00+00:00,57.89,30.34,88.26
2026-01-18 12:30:00+00:00,57.34,30.63,89.58
2026-01-18 12:45:00+00:00,57.01,30.95,88.25
2026-01-18 13:00:00+00:00,56.37,31.05,88.86
2026-01-18 13:15:00+00:00,56.35,31.1,88.24
2026-01-18 13:30:00+00:00,56.14,31.18,86.09
2026-01-18 13:45:00+00:00,55.76,31.17,79.96
2026-01-18 14:00:00+00:00,55.31,30.81,80.83
2026-01-18 14:15:00+00:00,55.18,31.08,75.6
2026-01-18 14:30:00+00:00,54.73,31.47,71.57
2026-01-18 14:45:00+00:00,54.3,30.72,67.03
2026-01-18 15:00:00+00:00,53.91,30.98,63.25
2026-01-18 15:15:00+00:00,53.65,30.68,63.51
2026-01-18 15:30:00+00:00,53.48,30.82,56.03
2026-01-18 15:45:00+00:00,53.39,30.51,50.92
2026-01-18 16:00:00+00:00,53.28,30.88,44.99
2026-01-18 16:15:00+00:00,53.03,30.39,45.15
2026-01-18 16:30:00+00:00,52.94,29.61,37.45
2026-01-18 16:45:00+00:00,52.59,29.96,27.82
2026-01-18 17:00:00+00:00,52.09,29.26,23.01
2026-01-18 17:15:00+00:00,51.76,29.03,17.33
2026-01-18 17:30:00+00:00,51.42,28.99,12.17
2026-01-18 17:45:00+00:00,51.12,28.43,4.55
2026-01-18 18:00:00+00:00,50.77,28.51,0.88
2026-01-18 18:15:00+00:00,50.5,27.67,2.9
2026-01-18 18:30:00+00:00,50.4,27.36,0.0
2026-01-18 18:45:00+00:00,50.48,26.98,0.0
2026-01-18 19:00:00+00:00,50.04,26.63,0.0
2026-01-18 19:15:00+00:00,49.66,26.75,0.0
2026-01-18 19:30:00+00:00,49.37,26.22,4.0
2026-01-18 19:45:00+00:00,49.31,26.15,2.0
2026-01-18 20:00:00+00:00,49.11,25.93,1.89
2026-01-18 20:15:00+00:00,48.85,24.54,0.0
2026-01-18 20:30:00+00:00,48.81,24.48,0.0
2026-01-18 20:45:00+00:00,48.82,23.72,0.0
2026-01-18 21:00:00+00:00,48.69,23.46,1.56
2026-01-18 21:15:00+00:00,48.44,23.13,0.98
2026-01-18 21:30:00+00:00,48.36,22.63,2.57
2026-01-18 21:45:00+00:00,48.21,22.28,0.0
2026-01-18 22:00:00+00:00,48.06,22.2,0.0
2026-01-18 22:15:00+00:00,47.88,21.55,0.34
2026-01-18 22:30:00+00:00,47.91,21.85,1.78
2026-01-18 22:45:00+00:00,47.85,21.01,0.0
2026-01-18 23:00:00+00:00,47.9,21.85,1.47
2026-01-18 23:15:00+00:00,48.01,20.6,0.0
2026-01-18 23:30:00+00:00,47.99,20.51,0.0
2026-01-18 23:45:00+00:00,47.83,19.87,0.0
2026-01-19 00:00:00+00:00,47.89,21.0,0.0
2026-01-19 00:15:00+00:00,47.87,20.64,2.9
2026-01-19 00:30:00+00:00,48.18,20.23,3.35
2026-01-19 00:45:00+00:00,48.14,19.6,0.71
2026-01-19 01:00:00+00:00,48.17,19.95,3.92
2026-01-19 01:15:00+00:00,48.13,19.46,0.0
2026-01-19 01:30:00+00:00,48.03,20.17,1.91
2026-01-19 01:45:00+00:00,47.91,19.94,0.0
2026-01-19 02:00:00+00:00,47.88,19.71,0.0
2026-01-19 02:15:00+00:00,47.88,18.97,0.0
2026-01-19 02:30:00+00:00,47.97,19.44,0.0
2026-01-19 02:45:00+00:00,47.93,20.01,2.57
2026-01-19 03:00:00+00:00,47.78,20.25,0.0
2026-01-19 03:15:00+00:00,47.65,20.34,0.0
2026-01-19 03:30:00+00:00,47.37,19.66,0.0
2026-01-19 03:45:00+00:00,47.53,20.39,0.0
2026-01-19 04:00:00+00:00,47.36,20.79,3.53
2026-01-19 04:15:00+00:00,47.42,20.2,4.19
2026-01-19 04:30:00+00:00,47.36,20.92,0.0
2026-01-19 04:45:00+00:00,47.31,21.26,0.0
2026-01-19 05:00:00+00:00,47.19,21.35,0.0
2026-01-19 05:15:00+00:00,46.98,21.17,1.98
2026-01-19 05:30:00+00:00,46.72,21.93,0.57
2026-01-19 05:45:00+00:00,46.87,22.25,0.0
2026-01-19 06:00:00+00:00,46.77,22.64,0.15
2026-01-19 06:15:00+00:00,46.81,22.86,3.26
2026-01-19 06:30:00+00:00,46.88,23.26,11.65
2026-01-19 06:45:00+00:00,46.68,23.74,13.67
2026-01-19 07:00:00+00:00,46.59,24.26,18.03
2026-01-19 07:15:00+00:00,46.44,24.42,15.39
2026-01-19 07:30:00+00:00,46.1,24.78,24.54
2026-01-19 07:45:00+00:00,45.9,25.32,32.69
2026-01-19 08:00:00+00:00,45.81,25.11,34.89
2026-01-19 08:15:00+00:00,45.55,26.22,32.13
2026-01-19 08:30:00+00:00,45.3,26.47,38.63
2026-01-19 08:45:00+00:00,45.08,26.87,40.11
2026-01-19 09:00:00+00:00,45.17,27.53,49.02
2026-01-19 09:15:00+00:00,44.69,27.03,48.97
2026-01-19 09:30:00+00:00,44.55,27.39,49.62
2026-01-19 09:45:00+00:00,44.28,28.42,53.68
2026-01-19 10:00:00+00:00,43.95,28.68,50.63
2026-01-19 10:15:00+00:00,43.66,29.07,55.66
2026-01-19 10:30:00+00:00,43.51,29.2,59.65
2026-01-19 10:45:00+00:00,43.36,29.84,62.75
2026-01-19 11:00:00+00:00,43.13,30.21,58.4
2026-01-19 11:15:00+00:00,43.03,30.34,62.48
2026-01-19 11:30:00+00:00,42.95,30.37,65.95
2026-01-19 11:45:00+00:00,42.81,30.04,61.44
2026-01-19 12:00:00+00:00,42.45,31.11,64.94
2026-01-19 12:15:00+00:00,42.24,31.43,64.48
2026-01-19 12:30:00+00:00,42.03,31.42,67.36
2026-01-19 12:45:00+00:00,41.63,31.1,62.78
2026-01-19 13:00:00+00:00,41.11,31.68,61.94
2026-01-19 13:15:00+00:00,40.51,31.83,62.77
2026-01-19 13:30:00+00:00,40.23,32.1,56.92
2026-01-19 13:45:00+00:00,40.0,31.41,57.39
2026-01-19 14:00:00+00:00,39.54,31.62,54.93
2026-01-19 14:15:00+00:00,39.41,31.9,53.34
2026-01-19 14:30:00+00:00,39.15,31.65,52.86
2026-01-19 14:45:00+00:00,39.08,31.23,49.59
2026-01-19 15:00:00+00:00,38.86,31.6,44.1
2026-01-19 15:15:00+00:00,38.43,31.54,42.79
2026-01-19 15:30:00+00:00,38.23,31.25,42.24
2026-01-19 15:45:00+00:00,38.06,31.13,34.16
2026-01-19 16:00:00+00:00,37.72,30.8,32.53
2026-01-19 16:15:00+00:00,37.25,31.12,28.13
2026-01-19 16:30:00+00:00,37.02,30.17,24.55
2026-01-19 16:45:00+00:00,36.63,30.02,17.47
2026-01-19 17:00:00+00:00,36.56,29.93,19.51
2026-01-19 17:15:00+00:00,36.26,29.9,11.03
2026-01-19 17:30:00+00:00,36.3,28.89,10.47
2026-01-19 17:45:00+00:00,35.77,28.62,2.97
2026-01-19 18:00:00+00:00,35.59,28.07,0.0
2026-01-19 18:15:00+00:00,35.6,28.35,2.43
2026-01-19 18:30:00+00:00,35.27,27.65,1.99
2026-01-19 18:45:00+00:00,35.05,27.5,0.42
2026-01-19 19:00:00+00:00,34.8,27.44,1.52
2026-01-19 19:15:00+00:00,34.52,26.66,0.0
2026-01-19 19:30:00+00:00,34.38,26.54,0.0
2026-01-19 19:45:00+00:00,34.01,25.99,0.0
2026-01-19 20:00:00+00:00,33.83,25.89,1.81
2026-01-19 20:15:00+00:00,33.74,25.43,0.0
2026-01-19 20:30:00+00:00,33.56,24.69,2.97
2026-01-19 20:45:00+00:00,33.26,24.46,0.0
2026-01-19 21:00:00+00:00,33.27,24.44,0.04
2026-01-19 21:15:00+00:00,33.24,23.87,1.52
2026-01-19 21:30:00+00:00,32.96,22.97,0.05
2026-01-19 21:45:00+00:00,32.64,23.23,0.0
2026-01-19 22:00:00+00:00,32.38,22.36,0.0
2026-01-19 22:15:00+00:00,32.34,22.77,1.79
2026-01-19 22:30:00+00:00,32.26,22.34,0.0
2026-01-19 22:45:00+00:00,32.27,21.82,0.0
2026-01-19 23:00:00+00:00,32.12,21.49,0.02
2026-01-19 23:15:00+00:00,31.89,21.11,1.73
2026-01-19 23:30:00+00:00,31.93,21.13,0.0
2026-01-19 23:45:00+00:00,31.75,20.58,3.62
2026-01-20 00:00:00+00:00,31.69,20.53,0.0
2026-01-20 00:15:00+00:00,31.37,20.54,0.0
2026-01-20 00:30:00+00:00,31.21,19.95,0.0
2026-01-20 00:45:00+00:00,31.28,19.79,0.0
2026-01-20 01:00:00+00:00,31.09,19.51,0.0
2026-01-20 01:15:00+00:00,31.13,19.46,0.0
2026-01-20 01:30:00+00:00,30.7,19.16,2.27
2026-01-20 01:45:00+00:00,30.54,19.89,0.0
2026-01-20 02:00:00+00:00,30.43,20.2,0.0
2026-01-20 02:15:00+00:00,30.61,20.1,2.45
2026-01-20 02:30:00+00:00,30.35,19.22,3.1
2026-01-20 02:45:00+00:00,30.37,19.99,2.51
2026-01-20 03:00:00+00:00,30.45,20.29,0.0
2026-01-20 03:15:00+00:00,30.26,19.84,0.0
2026-01-20 03:30:00+00:00,30.12,20.15,3.63
2026-01-20 03:45:00+00:00,30.06,19.68,0.48
2026-01-20 04:00:00+00:00,90.26,20.54,0.0
2026-01-20 04:15:00+00:00,90.37,20.35,1.44
2026-01-20 04:30:00+00:00,90.35,20.96,2.01
2026-01-20 04:45:00+00:00,90.24,20.68,0.0
2026-01-20 05:00:00+00:00,90.15,21.58,0.44
2026-01-20 05:15:00+00:00,90.13,22.01,1.85
2026-01-20 05:30:00+00:00,90.14,21.77,0.0
2026-01-20 05:45:00+00:00,89.94,21.99,0.02
2026-01-20 06:00:00+00:00,90.06,22.01,0.0
2026-01-20 06:15:00+00:00,90.14,22.93,2.71
2026-01-20 06:30:00+00:00,90.11,23.19,8.21
2026-01-20 06:45:00+00:00,89.84,23.27,14.91
2026-01-20 07:00:00+00:00,89.54,24.24,17.87
2026-01-20 07:15:00+00:00,89.33,24.35,21.7
2026-01-20 07:30:00+00:00,89.18,24.55,27.48
2026-01-20 07:45:00+00:00,88.74,25.1,29.35
2026-01-20 08:00:00+00:00,88.63,25.98,36.63
2026-01-20 08:15:00+00:00,88.63,26.23,42.01
2026-01-20 08:30:00+00:00,88.52,26.4,43.39
2026-01-20 08:45:00+00:00,88.21,27.02,46.76
2026-01-20 09:00:00+00:00,87.88,26.86,51.33
2026-01-20 09:15:00+00:00,87.7,27.6,49.73
2026-01-20 09:30:00+00:00,87.45,28.0,57.83
2026-01-20 09:45:00+00:00,87.28,28.17,65.68
2026-01-20 10:00:00+00:00,87.13,28.79,61.71
2026-01-20 10:15:00+00:00,87.05,28.76,63.92
2026-01-20 10:30:00+00:00,86.63,29.47,67.58
2026-01-20 10:45:00+00:00,86.4,29.78,71.03
2026-01-20 11:00:00+00:00,86.09,29.03,71.05
2026-01-20 11:15:00+00:00,85.81,30.53,65.85
2026-01-20 11:30:00+00:00,85.68,29.51,72.05
2026-01-20 11:45:00+00:00,85.55,30.46,76.53
2026-01-20 12:00:00+00:00,85.47,31.16,72.78
2026-01-20 12:15:00+00:00,85.26,30.95,69.07
2026-01-20 12:30:00+00:00,84.96,30.76,71.49
2026-01-20 12:45:00+00:00,84.65,31.01,67.6
2026-01-20 13:00:00+00:00,84.1,31.76,71.56
2026-01-20 13:15:00+00:00,84.02,30.97,65.83
2026-01-20 13:30:00+00:00,83.68,31.95,66.24
2026-01-20 13:45:00+00:00,83.47,31.63,62.44
2026-01-20 14:00:00+00:00,83.29,31.3,60.86
2026-01-20 14:15:00+00:00,82.82,31.47,62.45
2026-01-20 14:30:00+00:00,82.4,31.3,56.96
2026-01-20 14:45:00+00:00,82.35,31.8,52.66
2026-01-20 15:00:00+00:00,82.12,31.67,48.29
2026-01-20 15:15:00+00:00,81.77,30.83,43.42
2026-01-20 15:30:00+00:00,81.48,31.08,41.05
2026-01-20 15:45:00+00:00,81.38,30.78,39.97
2026-01-20 16:00:00+00:00,81.25,31.24,37.73
2026-01-20 16:15:00+00:00,80.79,30.24,30.52
2026-01-20 16:30:00+00:00,80.77,30.9,30.52
2026-01-20 16:45:00+00:00,80.67,30.16,21.56
2026-01-20 17:00:00+00:00,80.42,29.55,18.04
2026-01-20 17:15:00+00:00,80.01,29.41,11.8
2026-01-20 17:30:00+00:00,79.95,29.07,11.32
2026-01-20 17:45:00+00:00,79.81,28.61,8.87
2026-01-20 18:00:00+00:00,79.38,28.69,0.0
2026-01-20 18:15:00+00:00,79.14,27.95,0.0
2026-01-20 18:30:00+00:00,79.42,27.3,2.53
2026-01-20 18:45:00+00:00,79.23,27.47,0.0
2026-01-20 19:00:00+00:00,78.94,26.67,1.13
2026-01-20 19:15:00+00:00,78.61,26.6,2.44
2026-01-20 19:30:00+00:00,78.7,26.17,0.16
2026-01-20 19:45:00+00:00,78.66,25.79,1.1
2026-01-20 20:00:00+00:00,78.7,26.26,3.52
2026-01-20 20:15:00+00:00,78.57,25.28,3.9
2026-01-20 20:30:00+00:00,78.61,24.95,0.0
2026-01-20 20:45:00+00:00,78.34,23.96,0.0
2026-01-20 21:00:00+00:00,78.23,23.91,0.0
2026-01-20 21:15:00+00:00,78.13,23.8,1.95
2026-01-20 21:30:00+00:00,78.21,23.06,0.0
2026-01-20 21:45:00+00:00,78.13,23.28,0.0
2026-01-20 22:00:00+00:00,77.92,22.3,0.21
2026-01-20 22:15:00+00:00,77.82,22.24,0.0
2026-01-20 22:30:00+00:00,77.46,21.83,0.56
2026-01-20 22:45:00+00:00,77.0,21.75,5.13
2026-01-20 23:00:00+00:00,77.03,21.22,0.0
2026-01-20 23:15:00+00:00,76.88,21.07,0.0
2026-01-20 23:30:00+00:00,76.74,20.83,2.03
2026-01-20 23:45:00+00:00,76.78,20.45,0.48
2026-01-21 00:00:00+00:00,76.9,20.52,2.88
2026-01-21 00:15:00+00:00,76.9,20.26,0.33
2026-01-21 00:30:00+00:00,77.11,20.0,0.0
2026-01-21 00:45:00+00:00,77.1,19.76,0.0
2026-01-21 01:00:00+00:00,77.07,20.01,0.0
2026-01-21 01:15:00+00:00,77.02,19.61,0.0
2026-01-21 01:30:00+00:00,76.75,19.53,0.76
2026-01-21 01:45:00+00:00,76.81,19.61,0.0
2026-01-21 02:00:00+00:00,76.36,20.08,2.51
2026-01-21 02:15:00+00:00,76.2,19.18,0.06
2026-01-21 02:30:00+00:00,76.12,19.85,0.0
2026-01-21 02:45:00+00:00,75.92,19.11,0.0
2026-01-21 03:00:00+00:00,75.77,19.84,1.24
2026-01-21 03:15:00+00:00,75.96,20.36,0.0
2026-01-21 03:30:00+00:00,76.05,20.17,0.0
2026-01-21 03:45:00+00:00,75.86,20.24,2.38
2026-01-21 04:00:00+00:00,75.71,20.2,0.71
2026-01-21 04:15:00+00:00,75.43,20.59,0.0
2026-01-21 04:30:00+00:00,75.44,20.73,1.28
2026-01-21 04:45:00+00:00,75.31,20.82,0.02
2026-01-21 05:00:00+00:00,74.92,21.24,0.77
2026-01-21 05:15:00+00:00,74.83,21.67,0.0
2026-01-21 05:30:00+00:00,74.78,21.68,4.14
2026-01-21 05:45:00+00:00,74.82,21.99,0.0
2026-01-21 06:00:00+00:00,74.69,22.16,3.11
2026-01-21 06:15:00+00:00,74.51,23.03,4.94
2026-01-21 06:30:00+00:00,74.67,23.43,12.23
2026-01-21 06:45:00+00:00,74.53,23.71,17.34
2026-01-21 07:00:00+00:00,74.48,24.3,23.35
2026-01-21 07:15:00+00:00,74.24,24.42,24.47
2026-01-21 07:30:00+00:00,74.17,24.9,33.28
2026-01-21 07:45:00+00:00,73.78,25.27,39.67
2026-01-21 08:00:00+00:00,73.52,25.54,40.16
2026-01-21 08:15:00+00:00,73.15,25.8,45.26
2026-01-21 08:30:00+00:00,72.85,27.01,48.47
2026-01-21 08:45:00+00:00,72.83,26.6,52.94
2026-01-21 09:00:00+00:00,72.53,26.92,60.94
2026-01-21 09:15:00+00:00,72.41,27.63,59.15
2026-01-21 09:30:00+00:00,72.41,27.94,62.65
2026-01-21 09:45:00+00:00,72.17,27.8,70.86
2026-01-21 10:00:00+00:00,72.07,28.9,71.7
2026-01-21 10:15:00+00:00,71.9,28.87,77.2
2026-01-21 10:30:00+00:00,71.67,28.89,74.25
2026-01-21 10:45:00+00:00,71.51,29.88,77.28
2026-01-21 11:00:00+00:00,71.52,30.0,77.25
2026-01-21 11:15:00+00:00,71.16,29.7,80.07
2026-01-21 11:30:00+00:00,70.73,30.86,77.1
2026-01-21 11:45:00+00:00,70.3,30.75,82.54
2026-01-21 12:00:00+00:00,70.17,30.76,81.99
2026-01-21 12:15:00+00:00,70.04,31.43,81.06
2026-01-21 12:30:00+00:00,69.67,31.16,79.87
2026-01-21 12:45:00+00:00,69.07,31.24,77.99
2026-01-21 13:00:00+00:00,68.68,31.16,80.03
2026-01-21 13:15:00+00:00,68.47,31.63,74.69
2026-01-21 13:30:00+00:00,68.17,31.66,76.18
2026-01-21 13:45:00+00:00,67.9,31.56,77.1
2026-01-21 14:00:00+00:00,67.54,31.33,73.42
2026-01-21 14:15:00+00:00,67.4,31.59,64.63
2026-01-21 14:30:00+00:00,67.17,31.49,63.46
2026-01-21 14:45:00+00:00,66.98,31.05,62.0
2026-01-21 15:00:00+00:00,66.73,30.92,57.38
2026-01-21 15:15:00+00:00,66.53,31.42,50.84
2026-01-21 15:30:00+00:00,66.34,30.33,50.29
2026-01-21 15:45:00+00:00,65.93,31.01,45.17
2026-01-21 16:00:00+00:00,65.73,30.62,44.5
2026-01-21 16:15:00+00:00,65.59,30.95,35.47
2026-01-21 16:30:00+00:00,65.51,30.18,33.47
2026-01-21 16:45:00+00:00,65.33,30.28,23.61
2026-01-21 17:00:00+00:00,64.95,29.69,19.0
2026-01-21 17:15:00+00:00,64.59,29.56,17.31
2026-01-21 17:30:00+00:00,64.3,29.44,12.79
2026-01-21 17:45:00+00:00,64.12,28.76,3.41
2026-01-21 18:00:00+00:00,63.88,28.87,0.05
2026-01-21 18:15:00+00:00,63.52,27.92,0.0
2026-01-21 18:30:00+00:00,63.15,27.95,0.0
2026-01-21 18:45:00+00:00,62.64,27.77,1.67
2026-01-21 19:00:00+00:00,61.98,27.32,0.0
2026-01-21 19:15:00+00:00,61.77,27.31,0.0
2026-01-21 19:30:00+00:00,61.94,26.12,0.0
2026-01-21 19:45:00+00:00,62.05,25.55,0.0
2026-01-21 20:00:00+00:00,61.74,25.27,3.52
2026-01-21 20:15:00+00:00,61.6,25.37,0.15
2026-01-21 20:30:00+00:00,61.23,24.93,0.0
2026-01-21 20:45:00+00:00,60.89,24.43,0.0
2026-01-21 21:00:00+00:00,60.57,23.68,0.0
2026-01-21 21:15:00+00:00,60.4,23.87,0.0
2026-01-21 21:30:00+00:00,60.25,22.9,2.72
2026-01-21 21:45:00+00:00,60.16,23.26,0.0
2026-01-21 22:00:00+00:00,60.12,23.42,3.78
2026-01-21 22:15:00+00:00,59.96,22.34,0.0
2026-01-21 22:30:00+00:00,59.85,22.09,0.0
2026-01-21 22:45:00+00:00,59.59,21.46,1.28
2026-01-21 23:00:00+00:00,59.29,20.78,0.0
2026-01-21 23:15:00+00:00,58.97,20.88,0.41
2026-01-21 23:30:00+00:00,58.98,20.48,0.0
2026-01-21 23:45:00+00:00,58.85,20.14,2.97
2026-01-22 00:00:00+00:00,58.48,20.55,1.93
2026-01-22 00:15:00+00:00,58.39,19.93,0.0
2026-01-22 00:30:00+00:00,58.12,19.8,2.48
2026-01-22 00:45:00+00:00,58.29,19.45,0.0
2026-01-22 01:00:00+00:00,58.12,19.38,0.0
2026-01-22 01:15:00+00:00,58.15,19.63,0.39
2026-01-22 01:30:00+00:00,58.23,19.27,0.0
2026-01-22 01:45:00+00:00,58.01,19.4,3.08
2026-01-22 02:00:00+00:00,57.94,19.17,0.68
2026-01-22 02:15:00+00:00,57.94,19.14,0.41
2026-01-22 02:30:00+00:00,57.88,18.86,1.8
2026-01-22 02:45:00+00:00,57.85,18.75,2.19
2026-01-22 03:00:00+00:00,57.57,19.35,1.57
2026-01-22 03:15:00+00:00,57.57,19.56,2.84
2026-01-22 03:30:00+00:00,57.42,19.3,1.22
2026-01-22 03:45:00+00:00,57.39,19.84,0.34
2026-01-22 04:00:00+00:00,57.44,20.05,2.48
2026-01-22 04:15:00+00:00,57.47,19.59,0.0
2026-01-22 04:30:00+00:00,57.43,20.19,0.07
2026-01-22 04:45:00+00:00,57.44,20.84,3.44
2026-01-22 05:00:00+00:00,57.44,21.1,3.24
2026-01-22 05:15:00+00:00,57.57,20.92,0.0
2026-01-22 05:30:00+00:00,57.46,21.62,0.0
2026-01-22 05:45:00+00:00,57.37,22.2,2.93
2026-01-22 06:00:00+00:00,57.4,22.46,1.6
2026-01-22 06:15:00+00:00,57.2,22.54,5.93
2026-01-22 06:30:00+00:00,56.87,22.79,9.93
2026-01-22 06:45:00+00:00,56.81,23.11,16.47
2026-01-22 07:00:00+00:00,56.63,23.81,20.92
2026-01-22 07:15:00+00:00,56.3,24.11,24.71
2026-01-22 07:30:00+00:00,56.21,24.63,31.25
2026-01-22 07:45:00+00:00,56.25,24.87,36.35
2026-01-22 08:00:00+00:00,55.83,25.47,39.75
2026-01-22 08:15:00+00:00,55.79,25.65,46.81
2026-01-22 08:30:00+00:00,55.21,26.25,51.89
2026-01-22 08:45:00+00:00,54.94,26.66,55.34
2026-01-22 09:00:00+00:00,55.01,26.54,56.72
2026-01-22 09:15:00+00:00,54.75,26.61,62.41
2026-01-22 09:30:00+00:00,54.53,27.99,64.42
2026-01-22 09:45:00+00:00,54.42,27.96,64.87
2026-01-22 10:00:00+00:00,53.93,27.71,71.49
2026-01-22 10:15:00+00:00,53.7,28.35,72.94
2026-01-22 10:30:00+00:00,53.45,29.11,80.02
2026-01-22 10:45:00+00:00,53.47,29.1,79.61
2026-01-22 11:00:00+00:00,53.03,29.32,79.66
2026-01-22 11:15:00+00:00,52.7,30.16,79.94
2026-01-22 11:30:00+00:00,52.29,29.67,80.63
2026-01-22 11:45:00+00:00,51.87,29.98,78.82
2026-01-22 12:00:00+00:00,51.76,30.49,77.52
2026-01-22 12:15:00+00:00,51.49,30.73,79.08
2026-01-22 12:30:00+00:00,51.12,30.92,80.21
2026-01-22 12:45:00+00:00,50.76,31.18,75.23
2026-01-22 13:00:00+00:00,50.39,31.08,77.15
2026-01-22 13:15:00+00:00,50.03,31.26,76.2
2026-01-22 13:30:00+00:00,49.56,31.1,74.4
2026-01-22 13:45:00+00:00,49.23,31.23,71.32
2026-01-22 14:00:00+00:00,48.9,31.26,69.46
2026-01-22 14:15:00+00:00,48.5,31.28,70.79
2026-01-22 14:30:00+00:00,48.24,31.41,65.58
2026-01-22 14:45:00+00:00,47.99,31.28,59.78
2026-01-22 15:00:00+00:00,47.64,31.04,57.14
2026-01-22 15:15:00+00:00,47.35,30.67,53.35
2026-01-22 15:30:00+00:00,47.41,30.79,47.77
2026-01-22 15:45:00+00:00,47.46,30.6,43.46
2026-01-22 16:00:00+00:00,47.05,30.48,42.52
2026-01-22 16:15:00+00:00,46.65,30.88,34.98
2026-01-22 16:30:00+00:00,46.25,29.83,28.81
2026-01-22 16:45:00+00:00,46.17,29.86,25.95
2026-01-22 17:00:00+00:00,45.87,29.79,21.2
2026-01-22 17:15:00+00:00,45.68,29.21,11.86
2026-01-22 17:30:00+00:00,45.75,29.58,10.49
2026-01-22 17:45:00+00:00,45.54,28.45,7.03
2026-01-22 18:00:00+00:00,45.44,28.32,0.9
2026-01-22 18:15:00+00:00,45.32,27.64,4.46
2026-01-22 18:30:00+00:00,45.04,27.42,2.5
2026-01-22 18:45:00+00:00,45.01,27.23,2.9
2026-01-22 19:00:00+00:00,44.69,27.03,5.6
2026-01-22 19:15:00+00:00,44.72,26.49,1.52
2026-01-22 19:30:00+00:00,44.45,26.39,0.33
2026-01-22 19:45:00+00:00,44.22,25.59,1.95
2026-01-22 20:00:00+00:00,43.9,25.13,0.0
2026-01-22 20:15:00+00:00,43.59,25.65,0.22
2026-01-22 20:30:00+00:00,43.38,24.56,0.0
2026-01-22 20:45:00+00:00,42.88,23.84,0.8
2026-01-22 21:00:00+00:00,42.71,23.47,0.0
2026-01-22 21:15:00+00:00,42.51,23.02,0.0
2026-01-22 21:30:00+00:00,42.5,23.21,0.83
2026-01-22 21:45:00+00:00,42.44,22.46,0.0
2026-01-22 22:00:00+00:00,42.22,22.26,0.0
2026-01-22 22:15:00+00:00,42.05,21.87,0.0
2026-01-22 22:30:00+00:00,41.91,21.79,0.0
2026-01-22 22:45:00+00:00,42.03,21.02,0.0
2026-01-22 23:00:00+00:00,41.82,20.66,0.83
2026-01-22 23:15:00+00:00,41.62,20.78,0.44
2026-01-22 23:30:00+00:00,41.36,20.65,2.13
2026-01-22 23:45:00+00:00,41.05,20.34,1.51
2026-01-23 00:00:00+00:00,41.01,20.4,2.14
2026-01-23 00:15:00+00:00,40.95,20.66,1.22
2026-01-23 00:30:00+00:00,41.06,20.07,0.42
2026-01-23 00:45:00+00:00,41.14,20.0,2.2
2026-01-23 01:00:00+00:00,41.42,19.76,1.84
2026-01-23 01:15:00+00:00,41.32,20.34,0.75
2026-01-23 01:30:00+00:00,41.2,20.08,2.54
2026-01-23 01:45:00+00:00,40.92,20.03,0.0
2026-01-23 02:00:00+00:00,40.94,20.21,0.0
2026-01-23 02:15:00+00:00,40.87,20.69,0.0
2026-01-23 02:30:00+00:00,40.89,19.38,2.31
2026-01-23 02:45:00+00:00,40.63,19.73,3.14
2026-01-23 03:00:00+00:00,40.61,19.86,0.0
2026-01-23 03:15:00+00:00,40.56,19.9,2.82
2026-01-23 03:30:00+00:00,40.5,19.97,0.0
2026-01-23 03:45:00+00:00,40.31,20.37,0.0
2026-01-23 04:00:00+00:00,40.4,20.28,0.0
2026-01-23 04:15:00+00:00,40.62,20.95,0.0
2026-01-23 04:30:00+00:00,40.35,21.09,0.0
2026-01-23 04:45:00+00:00,40.36,21.47,1.3
2026-01-23 05:00:00+00:00,39.82,21.75,1.36
2026-01-23 05:15:00+00:00,39.81,22.06,2.11
2026-01-23 05:30:00+00:00,39.42,22.07,0.0
2026-01-23 05:45:00+00:00,39.21,23.14,0.0
2026-01-23 06:00:00+00:00,38.89,22.91,0.0
2026-01-23 06:15:00+00:00,38.73,22.63,9.53
2026-01-23 06:30:00+00:00,38.73,23.24,6.6
2026-01-23 06:45:00+00:00,38.31,23.39,16.43
2026-01-23 07:00:00+00:00,38.1,24.29,24.34
2026-01-23 07:15:00+00:00,37.86,24.63,28.05
2026-01-23 07:30:00+00:00,37.93,24.91,35.46
2026-01-23 07:45:00+00:00,37.8,26.05,41.33
2026-01-23 08:00:00+00:00,37.43,26.0,45.69
2026-01-23 08:15:00+00:00,37.16,26.45,52.36
2026-01-23 08:30:00+00:00,37.18,26.34,58.49
2026-01-23 08:45:00+00:00,37.08,26.71,61.52
2026-01-23 09:00:00+00:00,36.72,27.4,65.57
2026-01-23 09:15:00+00:00,36.45,27.82,70.35
2026-01-23 09:30:00+00:00,36.18,27.58,74.57
2026-01-23 09:45:00+00:00,35.86,28.44,74.69
2026-01-23 10:00:00+00:00,35.35,28.84,82.34
2026-01-23 10:15:00+00:00,34.99,29.11,83.42
2026-01-23 10:30:00+00:00,34.93,29.25,89.38
2026-01-23 10:45:00+00:00,34.6,29.63,90.21
2026-01-23 11:00:00+00:00,34.31,30.03,93.15
2026-01-23 11:15:00+00:00,34.05,30.38,90.19
2026-01-23 11:30:00+00:00,34.1,30.78,92.47
2026-01-23 11:45:00+00:00,33.8,31.15,91.33
2026-01-23 12:00:00+00:00,33.68,30.95,92.61
2026-01-23 12:15:00+00:00,33.29,31.08,96.32
2026-01-23 12:30:00+00:00,32.95,31.51,96.19
2026-01-23 12:45:00+00:00,32.66,31.7,89.91
2026-01-23 13:00:00+00:00,32.24,31.5,89.9
2026-01-23 13:15:00+00:00,31.91,31.96,88.88
2026-01-23 13:30:00+00:00,31.74,32.08,88.03
2026-01-23 13:45:00+00:00,31.31,32.21,80.8
2026-01-23 14:00:00+00:00,31.01,32.37,78.22
2026-01-23 14:15:00+00:00,30.82,31.57,79.15
2026-01-23 14:30:00+00:00,30.4,31.79,70.69
2026-01-23 14:45:00+00:00,30.28,31.73,69.79
2026-01-23 15:00:00+00:00,30.0,31.6,66.8
2026-01-23 15:15:00+00:00,92.28,31.32,62.82
2026-01-23 15:30:00+00:00,91.95,30.94,56.95
2026-01-23 15:45:00+00:00,91.73,31.25,51.5
2026-01-23 16:00:00+00:00,91.73,30.8,48.7
2026-01-23 16:15:00+00:00,91.55,30.85,42.15
2026-01-23 16:30:00+00:00,91.46,30.36,34.68
2026-01-23 16:45:00+00:00,91.04,30.02,30.3
2026-01-23 17:00:00+00:00,90.77,30.15,25.1
2026-01-23 17:15:00+00:00,90.72,29.84,21.78
2026-01-23 17:30:00+00:00,90.35,29.66,13.84
2026-01-23 17:45:00+00:00,90.27,29.83,8.58
2026-01-23 18:00:00+00:00,90.16,28.92,0.0
2026-01-23 18:15:00+00:00,89.99,28.64,0.0
2026-01-23 18:30:00+00:00,89.75,27.81,0.0
2026-01-23 18:45:00+00:00,89.41,27.38,0.0
2026-01-23 19:00:00+00:00,89.48,27.87,0.0
2026-01-23 19:15:00+00:00,89.39,26.73,2.53
2026-01-23 19:30:00+00:00,89.26,26.31,1.77
2026-01-23 19:45:00+00:00,89.03,26.22,0.0
2026-01-23 20:00:00+00:00,88.87,25.81,1.28
2026-01-23 20:15:00+00:00,88.73,25.17,0.45
2026-01-23 20:30:00+00:00,88.64,24.96,1.44
2026-01-23 20:45:00+00:00,88.59,25.04,0.0
2026-01-23 21:00:00+00:00,88.34,24.04,0.0
2026-01-23 21:15:00+00:00,87.98,23.49,0.0
2026-01-23 21:30:00+00:00,87.86,23.82,1.25
2026-01-23 21:45:00+00:00,87.47,23.33,0.0
2026-01-23 22:00:00+00:00,87.3,22.65,0.0
2026-01-23 22:15:00+00:00,87.11,22.03,0.0
2026-01-23 22:30:00+00:00,87.07,21.96,0.0
2026-01-23 22:45:00+00:00,87.26,21.87,0.13
2026-01-23 23:00:00+00:00,86.86,21.95,3.37
2026-01-23 23:15:00+00:00,87.11,21.02,1.17
2026-01-23 23:30:00+00:00,86.98,21.05,0.16
2026-01-23 23:45:00+00:00,86.93,21.05,0.0
2026-01-24 00:00:00+00:00,86.64,19.85,2.21
2026-01-24 00:15:00+00:00,86.7,20.69,0.0
2026-01-24 00:30:00+00:00,86.62,19.86,0.0
2026-01-24 00:45:00+00:00,86.53,20.18,0.0
2026-01-24 01:00:00+00:00,86.16,20.04,2.84
2026-01-24 01:15:00+00:00,86.09,20.2,0.78
2026-01-24 01:30:00+00:00,86.13,19.98,0.0
2026-01-24 01:45:00+00:00,86.02,19.06,0.0
2026-01-24 02:00:00+00:00,86.11,19.53,1.02
2026-01-24 02:15:00+00:00,86.2,19.82,0.0
2026-01-24 02:30:00+00:00,86.03,19.75,0.0
2026-01-24 02:45:00+00:00,86.19,20.02,0.0
2026-01-24 03:00:00+00:00,86.11,20.2,0.68
2026-01-24 03:15:00+00:00,86.03,20.26,0.0
2026-01-24 03:30:00+00:00,85.97,20.15,0.0
2026-01-24 03:45:00+00:00,85.9,19.83,0.0
2026-01-24 04:00:00+00:00,85.42,20.43,0.16
2026-01-24 04:15:00+00:00,85.3,20.9,0.0
2026-01-24 04:30:00+00:00,85.0,20.67,0.0
2026-01-24 04:45:00+00:00,85.14,21.44,0.4
2026-01-24 05:00:00+00:00,85.27,21.79,1.5
2026-01-24 05:15:00+00:00,85.29,21.84,1.4
2026-01-24 05:30:00+00:00,85.16,21.19,1.11
2026-01-24 05:45:00+00:00,84.9,22.04,0.0
2026-01-24 06:00:00+00:00,84.67,23.33,0.0
2026-01-24 06:15:00+00:00,84.83,22.94,4.44
2026-01-24 06:30:00+00:00,84.6,22.87,11.85
2026-01-24 06:45:00+00:00,84.09,24.2,19.52
2026-01-24 07:00:00+00:00,84.09,24.21,24.27
2026-01-24 07:15:00+00:00,84.15,24.92,32.29
2026-01-24 07:30:00+00:00,84.22,25.06,36.28
2026-01-24 07:45:00+00:00,84.2,25.51,40.84
2026-01-24 08:00:00+00:00,84.18,25.87,51.56
2026-01-24 08:15:00+00:00,83.99,26.36,54.52
2026-01-24 08:30:00+00:00,83.46,27.23,59.11
2026-01-24 08:45:00+00:00,83.24,27.22,63.64
2026-01-24 09:00:00+00:00,83.12,26.84,71.45
2026-01-24 09:15:00+00:00,82.86,27.82,77.82
2026-01-24 09:30:00+00:00,82.59,28.4,78.41
2026-01-24 09:45:00+00:00,82.19,28.78,82.59
2026-01-24 10:00:00+00:00,81.79,28.63,88.61
2026-01-24 10:15:00+00:00,81.8,29.44,85.93
2026-01-24 10:30:00+00:00,81.81,29.69,96.18
2026-01-24 10:45:00+00:00,81.52,30.49,99.43
2026-01-24 11:00:00+00:00,81.29,29.78,91.03
2026-01-24 11:15:00+00:00,80.86,30.12,97.73
2026-01-24 11:30:00+00:00,80.67,30.43,97.55
2026-01-24 11:45:00+00:00,80.65,30.6,99.1
2026-01-24 12:00:00+00:00,80.13,30.69,99.01
2026-01-24 12:15:00+00:00,79.91,30.31,100.0
2026-01-24 12:30:00+00:00,79.7,31.17,98.77
2026-01-24 12:45:00+00:00,79.47,31.55,96.1
2026-01-24 13:00:00+00:00,79.42,31.41,96.1
2026-01-24 13:15:00+00:00,79.42,32.23,95.58
2026-01-24 13:30:00+00:00,79.08,31.71,89.88
2026-01-24 13:45:00+00:00,78.88,32.14,86.26
2026-01-24 14:00:00+00:00,78.59,31.84,90.45
2026-01-24 14:15:00+00:00,78.19,32.0,81.73
2026-01-24 14:30:00+00:00,77.93,31.79,78.94
2026-01-24 14:45:00+00:00,77.74,32.06,74.27
2026-01-24 15:00:00+00:00,77.48,31.57,71.7
2026-01-24 15:15:00+00:00,77.06,31.59,69.38
2026-01-24 15:30:00+00:00,76.71,31.41,61.94
2026-01-24 15:45:00+00:00,76.37,31.06,52.43
2026-01-24 16:00:00+00:00,75.97,31.08,47.15
2026-01-24 16:15:00+00:00,75.74,31.42,43.36
2026-01-24 16:30:00+00:00,75.55,30.44,37.67
2026-01-24 16:45:00+00:00,75.45,30.4,28.65
2026-01-24 17:00:00+00:00,75.07,30.38,27.48
2026-01-24 17:15:00+00:00,74.74,30.06,17.31
2026-01-24 17:30:00+00:00,74.75,29.42,16.02
2026-01-24 17:45:00+00:00,74.51,28.38,10.17
2026-01-24 18:00:00+00:00,74.3,28.92,0.0
2026-01-24 18:15:00+00:00,74.08,27.75,0.88
2026-01-24 18:30:00+00:00,74.04,28.5,0.0
2026-01-24 18:45:00+00:00,74.02,27.74,1.25
2026-01-24 19:00:00+00:00,74.0,27.61,0.0
2026-01-24 19:15:00+00:00,73.82,26.66,0.0
2026-01-24 19:30:00+00:00,73.52,26.08,0.0
2026-01-24 19:45:00+00:00,73.63,26.23,0.0
2026-01-24 20:00:00+00:00,73.59,25.75,0.0
2026-01-24 20:15:00+00:00,73.37,25.22,1.9
2026-01-24 20:30:00+00:00,73.43,25.0,0.0
2026-01-24 20:45:00+00:00,73.18,25.42,3.47
2026-01-24 21:00:00+00:00,73.25,24.46,0.0
2026-01-24 21:15:00+00:00,73.32,24.15,3.23
2026-01-24 21:30:00+00:00,73.05,23.72,0.0
2026-01-24 21:45:00+00:00,73.0,23.55,0.0
2026-01-24 22:00:00+00:00,73.0,22.7,0.0
2026-01-24 22:15:00+00:00,73.29,21.81,0.0
2026-01-24 22:30:00+00:00,73.06,22.05,1.6
2026-01-24 22:45:00+00:00,73.17,22.05,3.0
2026-01-24 23:00:00+00:00,73.07,21.23,2.38
2026-01-24 23:15:00+00:00,72.79,21.2,0.0
2026-01-24 23:30:00+00:00,72.68,20.79,0.37
2026-01-24 23:45:00+00:00,72.58,21.22,0.0
2026-01-25 00:00:00+00:00,72.33,20.58,0.0
2026-01-25 00:15:00+00:00,72.29,20.36,0.0
2026-01-25 00:30:00+00:00,72.35,20.19,0.0
2026-01-25 00:45:00+00:00,72.31,19.85,0.5
2026-01-25 01:00:00+00:00,72.15,19.81,0.0
2026-01-25 01:15:00+00:00,72.04,19.31,0.0
2026-01-25 01:30:00+00:00,71.96,18.94,3.03
2026-01-25 01:45:00+00:00,71.91,19.6,2.24
2026-01-25 02:00:00+00:00,72.0,19.64,0.0
2026-01-25 02:15:00+00:00,71.96,19.92,0.0
2026-01-25 02:30:00+00:00,71.67,20.07,0.92
2026-01-25 02:45:00+00:00,71.5,20.13,0.0
2026-01-25 03:00:00+00:00,71.45,19.45,2.22
2026-01-25 03:15:00+00:00,71.53,19.76,0.0
2026-01-25 03:30:00+00:00,71.65,20.15,3.66
2026-01-25 03:45:00+00:00,71.82,20.92,0.0
2026-01-25 04:00:00+00:00,71.74,20.79,1.84
2026-01-25 04:15:00+00:00,71.77,20.89,0.0
2026-01-25 04:30:00+00:00,71.46,20.67,0.0
2026-01-25 04:45:00+00:00,71.43,20.77,0.0
2026-01-25 05:00:00+00:00,71.17,21.54,1.19
2026-01-25 05:15:00+00:00,71.06,21.26,1.35
2026-01-25 05:30:00+00:00,71.4,21.82,3.57
2026-01-25 05:45:00+00:00,71.33,22.18,2.02
2026-01-25 06:00:00+00:00,71.08,23.02,0.0
2026-01-25 06:15:00+00:00,71.02,22.79,2.2
2026-01-25 06:30:00+00:00,70.82,22.52,5.65
2026-01-25 06:45:00+00:00,70.53,23.77,15.49
2026-01-25 07:00:00+00:00,70.7,23.78,15.08
2026-01-25 07:15:00+00:00,70.7,24.39,23.63
2026-01-25 07:30:00+00:00,70.59,24.74,25.65
2026-01-25 07:45:00+00:00,70.36,25.07,29.09
2026-01-25 08:00:00+00:00,70.13,25.78,31.53
2026-01-25 08:15:00+00:00,70.18,25.48,37.04
2026-01-25 08:30:00+00:00,70.04,26.17,39.11
2026-01-25 08:45:00+00:00,69.37,26.92,41.65
2026-01-25 09:00:00+00:00,69.53,26.92,46.85
2026-01-25 09:15:00+00:00,69.34,26.99,48.05
2026-01-25 09:30:00+00:00,69.17,28.04,49.41
2026-01-25 09:45:00+00:00,69.1,28.54,54.65
2026-01-25 10:00:00+00:00,68.93,28.53,55.55
2026-01-25 10:15:00+00:00,68.81,28.29,58.64
2026-01-25 10:30:00+00:00,68.5,29.41,58.49
2026-01-25 10:45:00+00:00,68.07,29.0,58.46
2026-01-25 11:00:00+00:00,67.85,29.88,65.57
2026-01-25 11:15:00+00:00,67.8,29.79,66.15
2026-01-25 11:30:00+00:00,67.44,29.96,65.51
2026-01-25 11:45:00+00:00,67.07,30.4,63.38
2026-01-25 12:00:00+00:00,66.98,30.69,63.69
2026-01-25 12:15:00+00:00,66.64,30.73,66.92
2026-01-25 12:30:00+00:00,66.29,31.27,63.03
2026-01-25 12:45:00+00:00,65.96,31.09,61.79
2026-01-25 13:00:00+00:00,65.66,31.64,65.84
2026-01-25 13:15:00+00:00,65.14,31.52,60.78
2026-01-25 13:30:00+00:00,64.78,31.29,62.93
2026-01-25 13:45:00+00:00,64.54,31.27,54.86
2026-01-25 14:00:00+00:00,64.3,31.05,56.71
2026-01-25 14:15:00+00:00,64.19,31.62,57.6
2026-01-25 14:30:00+00:00,64.19,31.39,51.06
2026-01-25 14:45:00+00:00,64.15,30.72,47.81
2026-01-25 15:00:00+00:00,64.02,31.18,43.12
2026-01-25 15:15:00+00:00,63.73,30.96,44.55
2026-01-25 15:30:00+00:00,63.37,31.56,37.6
2026-01-25 15:45:00+00:00,63.11,30.42,35.53
2026-01-25 16:00:00+00:00,62.95,30.31,29.68
2026-01-25 16:15:00+00:00,62.82,30.87,31.55
2026-01-25 16:30:00+00:00,62.66,30.71,26.91
2026-01-25 16:45:00+00:00,62.4,29.83,20.6
2026-01-25 17:00:00+00:00,62.29,29.6,14.33
2026-01-25 17:15:00+00:00,62.24,29.69,15.61
2026-01-25 17:30:00+00:00,62.16,28.5,7.66
2026-01-25 17:45:00+00:00,61.95,28.32,1.99
2026-01-25 18:00:00+00:00,61.62,28.46,0.0
2026-01-25 18:15:00+00:00,61.28,28.67,0.0
2026-01-25 18:30:00+00:00,60.98,27.71,0.0
2026-01-25 18:45:00+00:00,60.83,27.51,0.0
2026-01-25 19:00:00+00:00,60.72,27.44,1.49
2026-01-25 19:15:00+00:00,60.31,27.35,0.0
2026-01-25 19:30:00+00:00,60.07,26.16,0.71
2026-01-25 19:45:00+00:00,59.93,25.93,0.0
2026-01-25 20:00:00+00:00,59.63,26.09,0.13
2026-01-25 20:15:00+00:00,59.54,24.7,3.84
2026-01-25 20:30:00+00:00,59.34,25.07,0.0
2026-01-25 20:45:00+00:00,59.09,24.07,0.77
2026-01-25 21:00:00+00:00,58.95,24.02,0.0
2026-01-25 21:15:00+00:00,58.88,23.55,3.04
2026-01-25 21:30:00+00:00,58.63,22.96,0.0
2026-01-25 21:45:00+00:00,58.47,22.6,2.1
2026-01-25 22:00:00+00:00,58.42,22.63,0.0
2026-01-25 22:15:00+00:00,58.19,22.51,1.22
2026-01-25 22:30:00+00:00,57.83,21.86,1.34
2026-01-25 22:45:00+00:00,57.5,21.61,0.0
2026-01-25 23:00:00+00:00,57.33,21.48,2.18
2026-01-25 23:15:00+00:00,57.04,20.74,0.0
2026-01-25 23:30:00+00:00,56.89,21.01,1.56
2026-01-25 23:45:00+00:00,57.05,20.8,0.0
2026-01-26 00:00:00+00:00,56.75,20.96,0.7
2026-01-26 00:15:00+00:00,56.63,19.88,0.0
2026-01-26 00:30:00+00:00,56.87,19.69,0.1
2026-01-26 00:45:00+00:00,56.85,19.92,0.0
2026-01-26 01:00:00+00:00,56.71,19.82,0.5
2026-01-26 01:15:00+00:00,56.61,19.33,0.09
2026-01-26 01:30:00+00:00,56.59,19.3,0.0
2026-01-26 01:45:00+00:00,56.77,19.55,0.0
2026-01-26 02:00:00+00:00,56.61,19.12,0.27
2026-01-26 02:15:00+00:00,56.42,19.26,0.0
2026-01-26 02:30:00+00:00,56.13,19.45,0.0
2026-01-26 02:45:00+00:00,56.06,19.78,0.0
2026-01-26 03:00:00+00:00,55.77,19.39,4.69
2026-01-26 03:15:00+00:00,55.62,19.14,2.12
2026-01-26 03:30:00+00:00,55.4,19.25,0.55
2026-01-26 03:45:00+00:00,55.48,19.61,2.34
2026-01-26 04:00:00+00:00,55.33,19.78,0.0
2026-01-26 04:15:00+00:00,55.3,20.34,0.0
2026-01-26 04:30:00+00:00,54.98,20.25,0.0
2026-01-26 04:45:00+00:00,54.91,20.65,0.0
2026-01-26 05:00:00+00:00,54.63,20.9,0.0
2026-01-26 05:15:00+00:00,54.47,21.28,0.41
2026-01-26 05:30:00+00:00,54.69,22.11,1.84
2026-01-26 05:45:00+00:00,54.72,22.24,0.0
2026-01-26 06:00:00+00:00,54.58,22.38,0.8
2026-01-26 06:15:00+00:00,54.94,22.58,4.66
2026-01-26 06:30:00+00:00,54.67,22.94,9.94
2026-01-26 06:45:00+00:00,54.71,23.54,12.78
2026-01-26 07:00:00+00:00,54.33,23.99,21.11
2026-01-26 07:15:00+00:00,54.14,23.93,22.57
2026-01-26 07:30:00+00:00,53.77,24.6,30.66
2026-01-26 07:45:00+00:00,53.65,24.37,29.76
2026-01-26 08:00:00+00:00,53.48,25.43,36.91
2026-01-26 08:15:00+00:00,53.25,25.99,39.25
2026-01-26 08:30:00+00:00,53.22,26.07,42.48
2026-01-26 08:45:00+00:00,52.92,27.09,47.98
2026-01-26 09:00:00+00:00,52.77,26.66,49.5
2026-01-26 09:15:00+00:00,52.67,27.36,47.95
2026-01-26 09:30:00+00:00,52.23,27.66,50.09
2026-01-26 09:45:00+00:00,51.89,27.99,61.46
2026-01-26 10:00:00+00:00,51.66,28.34,63.82
2026-01-26 10:15:00+00:00,51.51,28.74,67.32
2026-01-26 10:30:00+00:00,51.47,29.28,65.43
2026-01-26 10:45:00+00:00,51.18,29.74,64.51
2026-01-26 11:00:00+00:00,50.88,29.61,67.6
2026-01-26 11:15:00+00:00,50.48,30.13,69.52
2026-01-26 11:30:00+00:00,50.26,29.92,68.24
2026-01-26 11:45:00+00:00,49.94,30.59,74.0
2026-01-26 12:00:00+00:00,49.63,30.34,75.33
2026-01-26 12:15:00+00:00,49.33,31.08,71.66
2026-01-26 12:30:00+00:00,49.13,31.58,70.23
2026-01-26 12:45:00+00:00,48.76,31.02,66.9
2026-01-26 13:00:00+00:00,48.38,30.51,71.53
2026-01-26 13:15:00+00:00,48.16,31.09,67.25
2026-01-26 13:30:00+00:00,47.42,31.69,64.88
2026-01-26 13:45:00+00:00,47.04,31.52,64.51
2026-01-26 14:00:00+00:00,46.59,31.45,60.19
2026-01-26 14:15:00+00:00,46.48,31.66,59.21
2026-01-26 14:30:00+00:00,46.14,31.46,53.33
2026-01-26 14:45:00+00:00,45.77,31.62,55.45
2026-01-26 15:00:00+00:00,45.49,31.44,49.89
2026-01-26 15:15:00+00:00,45.12,31.51,49.04
2026-01-26 15:30:00+00:00,44.8,31.02,42.73
2026-01-26 15:45:00+00:00,44.55,31.02,39.09
2026-01-26 16:00:00+00:00,44.23,30.47,33.0
2026-01-26 16:15:00+00:00,43.92,30.18,32.86
2026-01-26 16:30:00+00:00,43.51,30.64,25.36
2026-01-26 16:45:00+00:00,43.1,29.95,21.8
2026-01-26 17:00:00+00:00,42.87,29.85,18.34
2026-01-26 17:15:00+00:00,42.69,29.36,14.07
2026-01-26 17:30:00+00:00,42.26,28.85,5.84
2026-01-26 17:45:00+00:00,42.16,28.71,4.17
2026-01-26 18:00:00+00:00,42.06,28.8,1.59
2026-01-26 18:15:00+00:00,42.01,28.19,0.0
2026-01-26 18:30:00+00:00,41.86,27.15,0.0
2026-01-26 18:45:00+00:00,41.77,27.23,0.32
2026-01-26 19:00:00+00:00,41.91,27.46,0.0
2026-01-26 19:15:00+00:00,41.68,26.48,0.0
2026-01-26 19:30:00+00:00,41.36,25.61,0.0
2026-01-26 19:45:00+00:00,40.96,26.33,1.99
2026-01-26 20:00:00+00:00,41.06,25.58,0.0
2026-01-26 20:15:00+00:00,41.17,24.96,0.0
2026-01-26 20:30:00+00:00,40.88,24.48,0.0
2026-01-26 20:45:00+00:00,40.62,24.52,1.88
2026-01-26 21:00:00+00:00,40.44,23.66,0.0
2026-01-26 21:15:00+00:00,40.49,23.79,0.0
2026-01-26 21:30:00+00:00,40.17,23.24,0.18
2026-01-26 21:45:00+00:00,39.75,22.79,0.0
2026-01-26 22:00:00+00:00,39.96,22.41,0.0
2026-01-26 22:15:00+00:00,39.89,21.98,0.0
2026-01-26 22:30:00+00:00,39.85,22.03,0.0
2026-01-26 22:45:00+00:00,39.72,21.15,2.71
2026-01-26 23:00:00+00:00,39.7,20.64,0.0
2026-01-26 23:15:00+00:00,39.38,21.04,0.93
2026-01-26 23:30:00+00:00,39.16,20.8,0.0
2026-01-26 23:45:00+00:00,39.09,20.53,1.52
2026-01-27 00:00:00+00:00,38.66,20.56,0.0
2026-01-27 00:15:00+00:00,38.53,20.16,0.08
2026-01-27 00:30:00+00:00,38.39,20.33,0.11
2026-01-27 00:45:00+00:00,38.26,19.94,4.66
2026-01-27 01:00:00+00:00,38.1,19.7,1.26
2026-01-27 01:15:00+00:00,37.87,19.66,0.0
2026-01-27 01:30:00+00:00,37.51,20.29,1.37
2026-01-27 01:45:00+00:00,37.45,19.13,4.28
2026-01-27 02:00:00+00:00,37.33,19.79,0.0
2026-01-27 02:15:00+00:00,37.04,19.15,0.0
2026-01-27 02:30:00+00:00,36.97,19.66,0.0
2026-01-27 02:45:00+00:00,36.85,19.62,0.0
2026-01-27 03:00:00+00:00,36.7,19.22,0.0
2026-01-27 03:15:00+00:00,36.29,20.07,0.0
2026-01-27 03:30:00+00:00,36.31,19.98,2.81
2026-01-27 03:45:00+00:00,36.05,19.63,0.0
2026-01-27 04:00:00+00:00,35.97,20.69,0.0
2026-01-27 04:15:00+00:00,35.75,21.08,2.09
2026-01-27 04:30:00+00:00,35.59,21.32,0.0
2026-01-27 04:45:00+00:00,35.67,21.23,0.0
2026-01-27 05:00:00+00:00,35.64,21.41,0.0
2026-01-27 05:15:00+00:00,35.7,22.08,0.0
2026-01-27 05:30:00+00:00,35.63,22.49,0.0
2026-01-27 05:45:00+00:00,35.57,22.64,0.41
2026-01-27 06:00:00+00:00,35.19,22.35,0.0
2026-01-27 06:15:00+00:00,35.02,23.04,6.49
2026-01-27 06:30:00+00:00,34.84,23.47,9.93
2026-01-27 06:45:00+00:00,34.89,23.17,14.88
2026-01-27 07:00:00+00:00,34.66,24.22,22.11
2026-01-27 07:15:00+00:00,34.53,25.15,23.01
2026-01-27 07:30:00+00:00,34.4,25.05,26.98
2026-01-27 07:45:00+00:00,34.39,25.69,31.77
2026-01-27 08:00:00+00:00,34.19,25.69,36.77
2026-01-27 08:15:00+00:00,34.12,26.01,41.1
2026-01-27 08:30:00+00:00,33.67,26.53,43.57
2026-01-27 08:45:00+00:00,33.22,26.56,44.95
2026-01-27 09:00:00+00:00,32.67,26.9,51.42
2026-01-27 09:15:00+00:00,32.56,27.95,56.58
2026-01-27 09:30:00+00:00,32.43,28.34,59.22
2026-01-27 09:45:00+00:00,32.33,27.99,64.18
2026-01-27 10:00:00+00:00,31.98,28.93,68.26
2026-01-27 10:15:00+00:00,31.65,28.94,68.16
2026-01-27 10:30:00+00:00,31.37,29.39,71.41
2026-01-27 10:45:00+00:00,31.33,29.73,71.89
2026-01-27 11:00:00+00:00,31.31,30.18,75.19
2026-01-27 11:15:00+00:00,31.16,30.17,76.58
2026-01-27 11:30:00+00:00,30.93,30.82,75.57
2026-01-27 11:45:00+00:00,30.85,30.72,75.56
2026-01-27 12:00:00+00:00,30.53,31.02,73.89
2026-01-27 12:15:00+00:00,30.19,30.77,74.06
2026-01-27 12:30:00+00:00,93.6,31.83,72.99
2026-01-27 12:45:00+00:00,93.29,31.46,74.12
2026-01-27 13:00:00+00:00,92.83,31.65,70.33
2026-01-27 13:15:00+00:00,92.7,31.04,69.98
2026-01-27 13:30:00+00:00,92.5,31.34,63.94
2026-01-27 13:45:00+00:00,92.42,32.0,70.09
2026-01-27 14:00:00+00:00,91.89,31.72,63.91
2026-01-27 14:15:00+00:00,91.9,31.05,62.69
2026-01-27 14:30:00+00:00,91.37,31.9,61.86
2026-01-27 14:45:00+00:00,90.91,31.36,56.47
2026-01-27 15:00:00+00:00,90.53,31.86,55.43
2026-01-27 15:15:00+00:00,90.46,31.29,46.51
2026-01-27 15:30:00+00:00,90.22,31.24,50.03
2026-01-27 15:45:00+00:00,89.91,31.37,43.46
2026-01-27 16:00:00+00:00,89.53,30.56,37.57
2026-01-27 16:15:00+00:00,89.07,30.33,35.71
2026-01-27 16:30:00+00:00,89.0,30.34,26.1
2026-01-27 16:45:00+00:00,88.87,30.4,23.31
2026-01-27 17:00:00+00:00,88.84,29.48,22.12
2026-01-27 17:15:00+00:00,88.68,29.09,10.76
2026-01-27 17:30:00+00:00,88.05,29.54,10.82
2026-01-27 17:45:00+00:00,87.65,28.79,5.92
2026-01-27 18:00:00+00:00,87.51,28.52,3.94
2026-01-27 18:15:00+00:00,87.26,27.73,0.0
2026-01-27 18:30:00+00:00,86.98,27.73,3.22
2026-01-27 18:45:00+00:00,86.62,27.56,0.0
2026-01-27 19:00:00+00:00,86.57,27.47,0.0
2026-01-27 19:15:00+00:00,86.46,26.58,0.0
2026-01-27 19:30:00+00:00,86.35,26.92,0.0
2026-01-27 19:45:00+00:00,86.09,25.82,0.81
2026-01-27 20:00:00+00:00,85.95,25.43,0.0
2026-01-27 20:15:00+00:00,85.58,25.71,1.48
2026-01-27 20:30:00+00:00,85.41,24.92,0.0
2026-01-27 20:45:00+00:00,84.89,24.3,0.0
2026-01-27 21:00:00+00:00,84.51,24.04,0.0
2026-01-27 21:15:00+00:00,84.32,24.11,0.67
2026-01-27 21:30:00+00:00,84.54,23.78,0.0
2026-01-27 21:45:00+00:00,84.15,22.74,0.07
2026-01-27 22:00:00+00:00,83.84,22.62,1.39
2026-01-27 22:15:00+00:00,83.76,22.33,2.16
2026-01-27 22:30:00+00:00,83.92,21.69,0.0
2026-01-27 22:45:00+00:00,83.84,21.66,0.0
2026-01-27 23:00:00+00:00,83.85,21.4,0.15
2026-01-27 23:15:00+00:00,83.7,21.47,0.94
2026-01-27 23:30:00+00:00,83.52,21.24,0.0
2026-01-27 23:45:00+00:00,83.44,20.55,0.0
2026-01-28 00:00:00+00:00,83.26,20.56,0.0
2026-01-28 00:15:00+00:00,83.28,20.64,0.0
2026-01-28 00:30:00+00:00,82.95,20.1,0.0
2026-01-28 00:45:00+00:00,83.0,20.31,1.41
2026-01-28 01:00:00+00:00,82.93,20.0,0.0
2026-01-28 01:15:00+00:00,82.82,19.64,0.0
2026-01-28 01:30:00+00:00,82.49,19.58,0.0
2026-01-28 01:45:00+00:00,82.26,20.27,0.0
2026-01-28 02:00:00+00:00,82.36,19.77,0.0
2026-01-28 02:15:00+00:00,82.24,20.32,0.0
2026-01-28 02:30:00+00:00,82.2,19.72,0.0
2026-01-28 02:45:00+00:00,81.99,20.02,0.0
2026-01-28 03:00:00+00:00,81.9,20.74,0.3
2026-01-28 03:15:00+00:00,81.61,19.82,0.0
2026-01-28 03:30:00+00:00,81.54,19.71,2.96
2026-01-28 03:45:00+00:00,81.51,20.82,0.98
2026-01-28 04:00:00+00:00,81.47,20.38,0.0
2026-01-28 04:15:00+00:00,81.24,20.82,0.19
2026-01-28 04:30:00+00:00,81.1,20.88,0.25
2026-01-28 04:45:00+00:00,81.07,21.39,2.43
2026-01-28 05:00:00+00:00,80.94,21.29,0.0
2026-01-28 05:15:00+00:00,80.79,21.81,1.53
2026-01-28 05:30:00+00:00,80.96,22.3,0.08
2026-01-28 05:45:00+00:00,80.71,22.18,2.98
2026-01-28 06:00:00+00:00,80.75,22.61,2.58
2026-01-28 06:15:00+00:00,80.45,23.06,5.57
2026-01-28 06:30:00+00:00,80.41,23.09,9.81
2026-01-28 06:45:00+00:00,80.37,23.76,16.46
2026-01-28 07:00:00+00:00,80.14,24.3,20.13
2026-01-28 07:15:00+00:00,79.8,24.53,28.8
2026-01-28 07:30:00+00:00,79.33,24.95,30.45
2026-01-28 07:45:00+00:00,79.06,25.42,34.2
2026-01-28 08:00:00+00:00,78.96,25.62,38.66
2026-01-28 08:15:00+00:00,78.6,26.42,41.55
2026-01-28 08:30:00+00:00,78.4,27.03,49.3
2026-01-28 08:45:00+00:00,77.97,26.85,50.55
2026-01-28 09:00:00+00:00,77.72,27.52,58.17
2026-01-28 09:15:00+00:00,77.32,27.68,56.93
2026-01-28 09:30:00+00:00,77.07,28.23,63.05
2026-01-28 09:45:00+00:00,76.75,28.94,68.12
2026-01-28 10:00:00+00:00,76.33,28.97,64.25
2026-01-28 10:15:00+00:00,75.98,28.62,75.03
2026-01-28 10:30:00+00:00,75.58,29.61,72.28
2026-01-28 10:45:00+00:00,75.11,30.15,75.24
2026-01-28 11:00:00+00:00,75.01,30.0,77.6
2026-01-28 11:15:00+00:00,74.67,30.63,79.09
2026-01-28 11:30:00+00:00,74.07,30.37,79.03
2026-01-28 11:45:00+00:00,73.7,30.36,80.98
2026-01-28 12:00:00+00:00,73.55,31.06,80.19
2026-01-28 12:15:00+00:00,73.15,30.67,82.51
2026-01-28 12:30:00+00:00,73.09,31.29,79.52
2026-01-28 12:45:00+00:00,72.66,31.89,81.57
2026-01-28 13:00:00+00:00,72.45,31.04,78.26
2026-01-28 13:15:00+00:00,72.32,31.32,71.34
2026-01-28 13:30:00+00:00,72.1,31.46,78.35
2026-01-28 13:45:00+00:00,71.6,31.79,69.84
2026-01-28 14:00:00+00:00,71.17,31.71,71.54
2026-01-28 14:15:00+00:00,71.05,32.23,65.87
2026-01-28 14:30:00+00:00,70.63,32.05,64.92
2026-01-28 14:45:00+00:00,70.49,31.85,58.14
2026-01-28 15:00:00+00:00,70.15,31.66,57.22
2026-01-28 15:15:00+00:00,69.89,31.62,51.69
2026-01-28 15:30:00+00:00,69.41,31.1,51.35
2026-01-28 15:45:00+00:00,69.04,31.46,44.85
2026-01-28 16:00:00+00:00,68.65,30.68,41.45
2026-01-28 16:15:00+00:00,68.42,31.06,30.68
2026-01-28 16:30:00+00:00,68.18,30.94,30.12
2026-01-28 16:45:00+00:00,68.0,30.39,26.27
2026-01-28 17:00:00+00:00,67.68,30.01,20.93
2026-01-28 17:15:00+00:00,67.31,29.9,17.37
2026-01-28 17:30:00+00:00,67.12,28.61,9.6
2026-01-28 17:45:00+00:00,66.74,29.24,5.27
2026-01-28 18:00:00+00:00,66.69,28.79,2.36
2026-01-28 18:15:00+00:00,66.47,28.46,0.0
2026-01-28 18:30:00+00:00,66.21,28.33,1.18
2026-01-28 18:45:00+00:00,66.09,27.73,0.0
2026-01-28 19:00:00+00:00,65.89,27.03,0.0
2026-01-28 19:15:00+00:00,65.46,26.95,0.67
2026-01-28 19:30:00+00:00,65.12,26.62,2.45
2026-01-28 19:45:00+00:00,65.1,26.25,2.08
2026-01-28 20:00:00+00:00,64.95,25.87,0.0
2026-01-28 20:15:00+00:00,64.53,25.74,1.75
2026-01-28 20:30:00+00:00,64.43,24.71,1.74
2026-01-28 20:45:00+00:00,64.19,24.7,0.0
2026-01-28 21:00:00+00:00,63.91,24.65,0.0
2026-01-28 21:15:00+00:00,63.61,23.37,0.0
2026-01-28 21:30:00+00:00,63.63,23.58,1.68
2026-01-28 21:45:00+00:00,63.21,22.99,0.0
2026-01-28 22:00:00+00:00,62.96,22.71,0.0
2026-01-28 22:15:00+00:00,62.87,22.21,0.0
2026-01-28 22:30:00+00:00,62.99,22.12,1.66
2026-01-28 22:45:00+00:00,62.96,22.42,0.0
2026-01-28 23:00:00+00:00,62.73,21.2,0.66
2026-01-28 23:15:00+00:00,62.86,20.96,2.48
2026-01-28 23:30:00+00:00,62.57,20.67,0.0
2026-01-28 23:45:00+00:00,62.51,21.35,0.0
2026-01-29 00:00:00+00:00,62.49,20.69,0.0
2026-01-29 00:15:00+00:00,62.27,20.64,0.76
2026-01-29 00:30:00+00:00,62.29,20.36,2.48
2026-01-29 00:45:00+00:00,62.13,20.06,0.0
2026-01-29 01:00:00+00:00,62.15,20.16,1.14
2026-01-29 01:15:00+00:00,61.78,20.88,2.06
2026-01-29 01:30:00+00:00,61.75,20.49,0.0
2026-01-29 01:45:00+00:00,61.6,19.78,0.0
2026-01-29 02:00:00+00:00,61.69,20.22,0.84
2026-01-29 02:15:00+00:00,61.61,19.79,0.69
2026-01-29 02:30:00+00:00,61.71,19.54,1.16
2026-01-29 02:45:00+00:00,61.7,20.45,1.12
2026-01-29 03:00:00+00:00,61.59,20.58,0.0
2026-01-29 03:15:00+00:00,61.62,20.66,1.98
2026-01-29 03:30:00+00:00,61.65,20.34,2.33
2026-01-29 03:45:00+00:00,61.64,20.59,0.37
2026-01-29 04:00:00+00:00,61.2,21.05,0.0
2026-01-29 04:15:00+00:00,60.95,21.15,0.0
2026-01-29 04:30:00+00:00,61.06,21.15,0.39
2026-01-29 04:45:00+00:00,60.78,21.03,0.0
2026-01-29 05:00:00+00:00,60.8,21.82,0.0
2026-01-29 05:15:00+00:00,60.79,22.39,0.0
2026-01-29 05:30:00+00:00,60.57,22.01,1.21
2026-01-29 05:45:00+00:00,60.15,22.88,0.33
2026-01-29 06:00:00+00:00,59.94,23.13,0.0
2026-01-29 06:15:00+00:00,60.11,23.6,5.92
2026-01-29 06:30:00+00:00,59.84,23.99,10.3
2026-01-29 06:45:00+00:00,59.57,23.89,16.59
2026-01-29 07:00:00+00:00,59.27,23.99,19.86
2026-01-29 07:15:00+00:00,59.29,24.7,24.03
2026-01-29 07:30:00+00:00,59.08,25.51,28.98
2026-01-29 07:45:00+00:00,58.81,25.47,34.2
2026-01-29 08:00:00+00:00,58.83,25.82,39.92
2026-01-29 08:15:00+00:00,58.73,25.87,44.61
2026-01-29 08:30:00+00:00,58.38,27.33,48.17
2026-01-29 08:45:00+00:00,57.97,27.44,51.74
2026-01-29 09:00:00+00:00,57.92,27.81,55.69
2026-01-29 09:15:00+00:00,57.69,28.24,64.98
2026-01-29 09:30:00+00:00,57.22,28.49,61.73
2026-01-29 09:45:00+00:00,56.71,28.61,65.2
2026-01-29 10:00:00+00:00,56.29,28.98,75.66
2026-01-29 10:15:00+00:00,55.85,29.23,72.37
2026-01-29 10:30:00+00:00,55.27,30.47,70.93
2026-01-29 10:45:00+00:00,54.83,30.15,77.21
2026-01-29 11:00:00+00:00,54.43,30.13,75.22
2026-01-29 11:15:00+00:00,54.08,30.68,80.04
2026-01-29 11:30:00+00:00,54.05,30.48,78.65
2026-01-29 11:45:00+00:00,53.72,31.47,78.71
2026-01-29 12:00:00+00:00,53.41,31.02,82.97
2026-01-29 12:15:00+00:00,53.19,31.56,80.72
2026-01-29 12:30:00+00:00,52.86,31.89,81.02
2026-01-29 12:45:00+00:00,52.62,31.82,79.09
2026-01-29 13:00:00+00:00,52.37,31.85,76.15
2026-01-29 13:15:00+00:00,52.09,31.91,76.75
2026-01-29 13:30:00+00:00,52.21,31.96,76.1
2026-01-29 13:45:00+00:00,52.05,31.84,71.8
2026-01-29 14:00:00+00:00,51.59,31.89,72.67
2026-01-29 14:15:00+00:00,51.35,32.46,68.02
2026-01-29 14:30:00+00:00,50.94,31.94,63.7
2026-01-29 14:45:00+00:00,50.72,31.67,60.47
2026-01-29 15:00:00+00:00,50.23,31.67,56.67
2026-01-29 15:15:00+00:00,49.78,32.04,50.08
2026-01-29 15:30:00+00:00,49.55,31.77,48.37
2026-01-29 15:45:00+00:00,49.42,31.58,44.75
2026-01-29 16:00:00+00:00,49.23,31.14,39.05
2026-01-29 16:15:00+00:00,49.09,31.19,35.95
2026-01-29 16:30:00+00:00,48.9,30.59,30.56
2026-01-29 16:45:00+00:00,48.67,30.46,27.18
2026-01-29 17:00:00+00:00,48.35,30.56,21.97
2026-01-29 17:15:00+00:00,48.23,30.24,15.89
2026-01-29 17:30:00+00:00,48.16,29.38,7.68
2026-01-29 17:45:00+00:00,47.93,29.1,8.8
2026-01-29 18:00:00+00:00,47.69,29.06,0.0
2026-01-29 18:15:00+00:00,47.71,29.2,0.0
2026-01-29 18:30:00+00:00,47.51,27.75,0.0
2026-01-29 18:45:00+00:00,47.32,28.04,0.0
2026-01-29 19:00:00+00:00,47.21,27.17,3.09
2026-01-29 19:15:00+00:00,47.01,27.01,2.77
2026-01-29 19:30:00+00:00,46.7,26.7,0.89
2026-01-29 19:45:00+00:00,46.59,26.29,0.0
2026-01-29 20:00:00+00:00,46.41,25.87,1.24
2026-01-29 20:15:00+00:00,46.52,25.64,0.15
2026-01-29 20:30:00+00:00,46.48,25.08,0.0
2026-01-29 20:45:00+00:00,46.25,24.42,0.68
2026-01-29 21:00:00+00:00,46.21,24.71,0.0
2026-01-29 21:15:00+00:00,46.11,24.32,0.5
2026-01-29 21:30:00+00:00,46.17,23.98,0.41
2026-01-29 21:45:00+00:00,45.96,22.91,1.21
2026-01-29 22:00:00+00:00,45.86,23.12,0.0
2026-01-29 22:15:00+00:00,45.72,22.9,1.42
2026-01-29 22:30:00+00:00,45.62,22.06,0.0
2026-01-29 22:45:00+00:00,45.38,22.07,0.0
2026-01-29 23:00:00+00:00,45.36,21.75,0.0
2026-01-29 23:15:00+00:00,45.31,22.07,0.0
2026-01-29 23:30:00+00:00,45.39,21.84,2.03
2026-01-29 23:45:00+00:00,45.31,20.54,0.0
2026-01-30 00:00:00+00:00,45.14,21.79,0.0
2026-01-30 00:15:00+00:00,45.16,20.59,2.51
2026-01-30 00:30:00+00:00,44.95,20.99,0.0
2026-01-30 00:45:00+00:00,45.02,20.85,0.0
2026-01-30 01:00:00+00:00,45.1,20.15,0.0
2026-01-30 01:15:00+00:00,45.2,20.5,1.67
2026-01-30 01:30:00+00:00,45.17,20.26,1.69
2026-01-30 01:45:00+00:00,45.01,20.42,1.48
2026-01-30 02:00:00+00:00,44.94,20.31,1.08
2026-01-30 02:15:00+00:00,44.91,20.61,0.15
2026-01-30 02:30:00+00:00,44.74,20.32,0.0
2026-01-30 02:45:00+00:00,44.86,20.31,0.0
2026-01-30 03:00:00+00:00,44.85,20.77,2.58
2026-01-30 03:15:00+00:00,44.63,20.73,1.53
2026-01-30 03:30:00+00:00,44.82,20.92,0.0
2026-01-30 03:45:00+00:00,44.74,20.66,0.08
2026-01-30 04:00:00+00:00,44.49,20.73,0.0
2026-01-30 04:15:00+00:00,44.26,21.08,0.0
2026-01-30 04:30:00+00:00,44.39,21.29,0.36
2026-01-30 04:45:00+00:00,44.55,21.97,0.0
2026-01-30 05:00:00+00:00,44.59,22.29,0.0
2026-01-30 05:15:00+00:00,44.67,22.24,0.0
2026-01-30 05:30:00+00:00,44.73,23.02,0.0
2026-01-30 05:45:00+00:00,44.68,23.32,0.0
2026-01-30 06:00:00+00:00,44.6,23.31,0.0
2026-01-30 06:15:00+00:00,44.55,23.34,4.41
2026-01-30 06:30:00+00:00,44.51,24.42,13.6
2026-01-30 06:45:00+00:00,44.25,24.29,18.26
2026-01-30 07:00:00+00:00,44.19,24.73,25.55
2026-01-30 07:15:00+00:00,44.24,24.97,29.93
2026-01-30 07:30:00+00:00,44.03,25.19,34.49
2026-01-30 07:45:00+00:00,43.81,25.41,41.91
2026-01-30 08:00:00+00:00,43.68,26.43,44.6
2026-01-30 08:15:00+00:00,43.38,26.4,53.44
2026-01-30 08:30:00+00:00,42.95,27.94,55.5
2026-01-30 08:45:00+00:00,42.91,27.09,63.98
2026-01-30 09:00:00+00:00,42.62,27.42,65.97
2026-01-30 09:15:00+00:00,42.38,28.32,72.98
2026-01-30 09:30:00+00:00,42.03,29.0,72.53
2026-01-30 09:45:00+00:00,41.97,28.91,77.01
2026-01-30 10:00:00+00:00,41.84,29.41,82.38
2026-01-30 10:15:00+00:00,41.54,29.02,86.87
2026-01-30 10:30:00+00:00,41.1,29.69,90.41
2026-01-30 10:45:00+00:00,40.77,29.88,89.33
2026-01-30 11:00:00+00:00,40.58,29.92,94.71
2026-01-30 11:15:00+00:00,40.32,30.79,91.86
2026-01-30 11:30:00+00:00,40.06,30.33,95.64
2026-01-30 11:45:00+00:00,39.8,30.83,92.16
2026-01-30 12:00:00+00:00,39.62,31.28,95.09
2026-01-30 12:15:00+00:00,39.31,31.37,89.36
2026-01-30 12:30:00+00:00,39.08,31.9,91.2
2026-01-30 12:45:00+00:00,38.62,32.01,93.37
2026-01-30 13:00:00+00:00,38.7,32.3,88.41
2026-01-30 13:15:00+00:00,38.34,32.35,90.1
2026-01-30 13:30:00+00:00,38.06,32.53,88.89
2026-01-30 13:45:00+00:00,37.84,32.23,83.53
2026-01-30 14:00:00+00:00,37.48,32.33,79.68
2026-01-30 14:15:00+00:00,37.17,32.38,77.42
2026-01-30 14:30:00+00:00,36.87,32.23,72.84
2026-01-30 14:45:00+00:00,36.44,32.01,70.66
2026-01-30 15:00:00+00:00,36.21,31.94,66.85
2026-01-30 15:15:00+00:00,35.68,31.68,61.53
2026-01-30 15:30:00+00:00,35.65,31.91,60.72
2026-01-30 15:45:00+00:00,35.49,31.59,50.92
2026-01-30 16:00:00+00:00,35.32,31.24,49.91
2026-01-30 16:15:00+00:00,34.79,31.03,39.6
2026-01-30 16:30:00+00:00,34.41,30.64,36.21
2026-01-30 16:45:00+00:00,34.36,31.05,32.66
2026-01-30 17:00:00+00:00,34.73,30.51,26.66
2026-01-30 17:15:00+00:00,34.67,29.94,17.55
2026-01-30 17:30:00+00:00,34.59,30.14,13.41
2026-01-30 17:45:00+00:00,34.44,29.41,7.01
2026-01-30 18:00:00+00:00,34.1,28.82,0.0
2026-01-30 18:15:00+00:00,34.03,29.2,1.23
2026-01-30 18:30:00+00:00,33.66,28.38,3.72
2026-01-30 18:45:00+00:00,33.28,28.05,0.94
2026-01-30 19:00:00+00:00,32.89,27.81,1.13
2026-01-30 19:15:00+00:00,32.84,27.75,1.34
2026-01-30 19:30:00+00:00,32.65,27.03,0.0
2026-01-30 19:45:00+00:00,32.49,26.27,0.92
2026-01-30 20:00:00+00:00,32.31,26.4,0.0
2026-01-30 20:15:00+00:00,31.97,25.7,0.0
2026-01-30 20:30:00+00:00,31.7,26.02,4.32
2026-01-30 20:45:00+00:00,31.45,25.07,0.0
2026-01-30 21:00:00+00:00,31.1,24.02,0.0
2026-01-30 21:15:00+00:00,30.88,24.42,2.31
2026-01-30 21:30:00+00:00,30.57,24.53,0.0
2026-01-30 21:45:00+00:00,30.51,24.06,0.0
2026-01-30 22:00:00+00:00,30.47,23.79,2.5
2026-01-30 22:15:00+00:00,30.16,22.6,0.09
2026-01-30 22:30:00+00:00,94.78,22.86,0.0
2026-01-30 22:45:00+00:00,94.52,22.07,1.09
2026-01-30 23:00:00+00:00,94.47,22.07,0.0
2026-01-30 23:15:00+00:00,94.39,21.35,3.08
2026-01-30 23:30:00+00:00,94.45,21.29,0.0
2026-01-30 23:45:00+00:00,94.4,21.05,2.1
2026-01-31 00:00:00+00:00,94.22,22.39,3.55
2026-01-31 00:15:00+00:00,94.11,22.17,0.0
2026-01-31 00:30:00+00:00,94.02,21.85,0.0
2026-01-31 00:45:00+00:00,93.9,21.23,0.78
2026-01-31 01:00:00+00:00,93.61,21.42,0.0
2026-01-31 01:15:00+00:00,93.69,21.2,0.54
2026-01-31 01:30:00+00:00,93.75,21.62,0.0
2026-01-31 01:45:00+00:00,93.49,21.68,0.0
2026-01-31 02:00:00+00:00,93.34,21.63,0.1
2026-01-31 02:15:00+00:00,93.21,21.1,0.14
2026-01-31 02:30:00+00:00,92.95,20.54,0.33
2026-01-31 02:45:00+00:00,92.57,20.9,0.0
2026-01-31 03:00:00+00:00,92.36,21.94,0.0
2026-01-31 03:15:00+00:00,92.21,21.51,0.0
2026-01-31 03:30:00+00:00,91.89,21.54,0.0
2026-01-31 03:45:00+00:00,91.8,22.42,0.0
2026-01-31 04:00:00+00:00,91.85,22.5,0.65
2026-01-31 04:15:00+00:00,91.87,22.33,0.0
2026-01-31 04:30:00+00:00,91.73,22.46,0.0
2026-01-31 04:45:00+00:00,91.33,22.76,0.0
2026-01-31 05:00:00+00:00,91.31,23.14,0.0
2026-01-31 05:15:00+00:00,91.19,23.84,3.26
2026-01-31 05:30:00+00:00,91.12,23.79,0.04
2026-01-31 05:45:00+00:00,91.27,24.2,0.35
2026-01-31 06:00:00+00:00,91.0,24.66,0.0
2026-01-31 06:15:00+00:00,90.42,24.31,5.91
2026-01-31 06:30:00+00:00,90.09,25.24,9.42
2026-01-31 06:45:00+00:00,90.0,25.3,17.38
2026-01-31 07:00:00+00:00,89.84,25.0,21.63
2026-01-31 07:15:00+00:00,89.48,25.5,28.64
2026-01-31 07:30:00+00:00,89.08,26.22,29.64
2026-01-31 07:45:00+00:00,88.82,27.08,37.91
2026-01-31 08:00:00+00:00,88.42,27.35,48.34
2026-01-31 08:15:00+00:00,88.27,27.76,52.12
2026-01-31 08:30:00+00:00,87.97,28.68,57.93
2026-01-31 08:45:00+00:00,87.65,28.1,62.66
2026-01-31 09:00:00+00:00,87.29,28.86,65.57
2026-01-31 09:15:00+00:00,87.07,29.33,67.38
2026-01-31 09:30:00+00:00,86.82,29.39,69.98
2026-01-31 09:45:00+00:00,86.58,29.97,77.81
2026-01-31 10:00:00+00:00,86.34,29.83,78.78
2026-01-31 10:15:00+00:00,86.04,31.07,86.44
2026-01-31 10:30:00+00:00,85.61,30.76,83.18
2026-01-31 10:45:00+00:00,85.19,31.88,89.95
2026-01-31 11:00:00+00:00,84.84,31.54,87.41
2026-01-31 11:15:00+00:00,84.84,32.13,91.75
2026-01-31 11:30:00+00:00,84.33,32.06,93.44
2026-01-31 11:45:00+00:00,83.96,32.29,88.58
2026-01-31 12:00:00+00:00,83.66,32.33,89.85
2026-01-31 12:15:00+00:00,83.3,32.73,88.56
2026-01-31 12:30:00+00:00,83.15,32.95,87.59
2026-01-31 12:45:00+00:00,82.78,32.76,90.41
2026-01-31 13:00:00+00:00,82.43,33.07,87.33
2026-01-31 13:15:00+00:00,82.23,33.01,86.11
2026-01-31 13:30:00+00:00,82.17,33.95,85.02
2026-01-31 13:45:00+00:00,82.06,33.27,77.74
2026-01-31 14:00:00+00:00,81.72,33.78,81.23
2026-01-31 14:15:00+00:00,81.39,33.24,74.82
2026-01-31 14:30:00+00:00,81.08,33.34,73.12
2026-01-31 14:45:00+00:00,80.8,32.8,69.53
2026-01-31 15:00:00+00:00,80.36,32.97,66.96
2026-01-31 15:15:00+00:00,80.2,33.06,59.67
2026-01-31 15:30:00+00:00,79.92,33.33,51.04
2026-01-31 15:45:00+00:00,79.62,32.76,50.57
2026-01-31 16:00:00+00:00,79.13,32.92,45.81
2026-01-31 16:15:00+00:00,78.86,32.49,38.1
2026-01-31 16:30:00+00:00,78.29,32.56,35.05
2026-01-31 16:45:00+00:00,77.93,31.81,28.47
2026-01-31 17:00:00+00:00,77.57,32.27,20.82
2026-01-31 17:15:00+00:00,77.36,31.12,19.06
2026-01-31 17:30:00+00:00,77.39,30.73,10.73
2026-01-31 17:45:00+00:00,77.24,30.28,5.13
2026-01-31 18:00:00+00:00,77.21,31.01,0.0
2026-01-31 18:15:00+00:00,77.07,30.21,2.47
2026-01-31 18:30:00+00:00,77.02,29.51,0.0
2026-01-31 18:45:00+00:00,77.08,29.62,0.16
2026-01-31 19:00:00+00:00,76.75,29.07,0.0
2026-01-31 19:15:00+00:00,76.41,29.07,0.93
2026-01-31 19:30:00+00:00,76.32,27.63,2.7
2026-01-31 19:45:00+00:00,76.12,27.62,1.3
2026-01-31 20:00:00+00:00,75.97,27.17,1.37
2026-01-31 20:15:00+00:00,75.75,26.33,1.21
2026-01-31 20:30:00+00:00,75.48,26.85,0.0
2026-01-31 20:45:00+00:00,75.55,26.06,0.0
2026-01-31 21:00:00+00:00,75.22,25.98,0.0
2026-01-31 21:15:00+00:00,75.15,26.09,0.0
2026-01-31 21:30:00+00:00,75.08,24.91,0.0
2026-01-31 21:45:00+00:00,74.69,24.53,0.0
2026-01-31 22:00:00+00:00,74.42,24.35,0.0
2026-01-31 22:15:00+00:00,74.18,24.27,0.0
2026-01-31 22:30:00+00:00,74.13,23.49,0.0
2026-01-31 22:45:00+00:00,73.95,23.17,0.0
2026-01-31 23:00:00+00:00,73.8,23.39,0.16
2026-01-31 23:15:00+00:00,73.46,22.91,0.0
2026-01-31 23:30:00+00:00,73.7,21.94,2.18
2026-01-31 23:45:00+00:00,73.6,21.96,0.0
2026-02-01 00:00:00+00:00,73.56,22.36,1.39
2026-02-01 00:15:00+00:00,73.37,21.85,0.41
2026-02-01 00:30:00+00:00,73.17,21.34,0.0
2026-02-01 00:45:00+00:00,73.36,21.38,0.0
2026-02-01 01:00:00+00:00,72.97,21.32,0.0
2026-02-01 01:15:00+00:00,72.91,21.44,0.0
2026-02-01 01:30:00+00:00,72.64,20.75,0.0
2026-02-01 01:45:00+00:00,72.49,20.87,0.76
2026-02-01 02:00:00+00:00,72.29,21.19,0.0
2026-02-01 02:15:00+00:00,72.05,21.09,0.03
2026-02-01 02:30:00+00:00,71.95,21.33,1.14
2026-02-01 02:45:00+00:00,71.47,20.86,1.82
2026-02-01 03:00:00+00:00,71.32,21.42,0.0
2026-02-01 03:15:00+00:00,71.2,21.75,0.04
2026-02-01 03:30:00+00:00,70.89,21.71,0.37
2026-02-01 03:45:00+00:00,71.01,21.77,3.09
2026-02-01 04:00:00+00:00,70.82,21.88,0.0
2026-02-01 04:15:00+00:00,70.67,21.87,0.0
2026-02-01 04:30:00+00:00,70.47,22.33,5.61
2026-02-01 04:45:00+00:00,70.33,22.98,0.0
2026-02-01 05:00:00+00:00,70.4,22.83,0.0
2026-02-01 05:15:00+00:00,70.65,22.89,0.0
2026-02-01 05:30:00+00:00,70.63,23.31,0.0
2026-02-01 05:45:00+00:00,70.66,23.84,0.48
2026-02-01 06:00:00+00:00,70.78,24.0,1.62
2026-02-01 06:15:00+00:00,70.66,24.6,2.15
2026-02-01 06:30:00+00:00,70.74,24.97,6.99
2026-02-01 06:45:00+00:00,70.69,25.45,13.7
2026-02-01 07:00:00+00:00,70.54,25.98,12.22
2026-02-01 07:15:00+00:00,70.41,26.24,16.89
2026-02-01 07:30:00+00:00,69.95,26.05,22.79
2026-02-01 07:45:00+00:00,69.81,26.45,25.37
2026-02-01 08:00:00+00:00,69.37,27.09,29.79
2026-02-01 08:15:00+00:00,68.92,27.37,31.23
2026-02-01 08:30:00+00:00,68.74,27.55,37.41
2026-02-01 08:45:00+00:00,68.35,28.15,39.76
2026-02-01 09:00:00+00:00,68.12,28.52,44.06
2026-02-01 09:15:00+00:00,67.91,28.84,46.08
2026-02-01 09:30:00+00:00,67.69,29.31,48.61
2026-02-01 09:45:00+00:00,67.3,30.12,47.62
2026-02-01 10:00:00+00:00,67.17,30.17,53.6
2026-02-01 10:15:00+00:00,66.88,31.18,53.83
2026-02-01 10:30:00+00:00,66.68,30.81,55.8
2026-02-01 10:45:00+00:00,66.23,30.98,59.63
2026-02-01 11:00:00+00:00,65.92,31.35,57.25
2026-02-01 11:15:00+00:00,65.8,31.7,62.29
2026-02-01 11:30:00+00:00,65.65,32.0,63.12
2026-02-01 11:45:00+00:00,65.23,32.72,62.13
2026-02-01 12:00:00+00:00,64.86,32.05,58.79
2026-02-01 12:15:00+00:00,64.41,32.75,56.25
2026-02-01 12:30:00+00:00,64.01,32.71,62.39
2026-02-01 12:45:00+00:00,63.51,32.32,59.81
2026-02-01 13:00:00+00:00,63.18,33.14,57.19
2026-02-01 13:15:00+00:00,62.97,33.37,59.88
2026-02-01 13:30:00+00:00,62.55,32.8,54.41
2026-02-01 13:45:00+00:00,62.23,33.09,53.64
2026-02-01 14:00:00+00:00,61.9,32.59,53.66
2026-02-01 14:15:00+00:00,61.77,32.72,48.29
2026-02-01 14:30:00+00:00,61.37,33.37,47.98
2026-02-01 14:45:00+00:00,60.99,32.85,47.86
2026-02-01 15:00:00+00:00,60.57,32.57,43.38
2026-02-01 15:15:00+00:00,60.1,32.86,42.55
2026-02-01 15:30:00+00:00,59.9,32.5,39.25
2026-02-01 15:45:00+00:00,59.59,32.35,33.77
2026-02-01 16:00:00+00:00,59.32,32.53,25.7
2026-02-01 16:15:00+00:00,59.24,31.75,24.66
2026-02-01 16:30:00+00:00,59.18,31.6,24.78
2026-02-01 16:45:00+00:00,58.67,31.67,16.43
2026-02-01 17:00:00+00:00,58.5,31.64,15.07
2026-02-01 17:15:00+00:00,58.28,31.44,12.53
2026-02-01 17:30:00+00:00,57.97,30.56,10.87
2026-02-01 17:45:00+00:00,57.77,30.72,2.82
2026-02-01 18:00:00+00:00,57.29,29.87,0.0
2026-02-01 18:15:00+00:00,57.27,30.31,0.0
2026-02-01 18:30:00+00:00,57.13,29.06,0.7
2026-02-01 18:45:00+00:00,56.78,29.44,0.0
2026-02-01 19:00:00+00:00,56.48,28.46,2.1
2026-02-01 19:15:00+00:00,56.02,28.88,0.0
2026-02-01 19:30:00+00:00,55.77,28.07,0.24
2026-02-01 19:45:00+00:00,55.51,27.2,0.89
2026-02-01 20:00:00+00:00,55.12,26.95,0.0
2026-02-01 20:15:00+00:00,55.06,26.95,1.68
2026-02-01 20:30:00+00:00,55.07,26.64,0.3
2026-02-01 20:45:00+00:00,54.89,25.92,1.58
2026-02-01 21:00:00+00:00,54.68,25.57,0.39
2026-02-01 21:15:00+00:00,54.59,25.41,0.75
2026-02-01 21:30:00+00:00,54.43,24.85,0.0
2026-02-01 21:45:00+00:00,54.13,24.07,0.0
2026-02-01 22:00:00+00:00,53.89,23.86,2.45
2026-02-01 22:15:00+00:00,53.71,23.85,1.27
2026-02-01 22:30:00+00:00,53.61,23.82,0.0
2026-02-01 22:45:00+00:00,53.47,23.64,0.36
2026-02-01 23:00:00+00:00,53.38,23.1,0.0
2026-02-01 23:15:00+00:00,53.03,22.68,0.0
2026-02-01 23:30:00+00:00,53.01,22.57,1.92
2026-02-01 23:45:00+00:00,52.9,21.92,0.0
2026-02-02 00:00:00+00:00,53.18,21.61,0.24
2026-02-02 00:15:00+00:00,53.03,21.22,0.0
2026-02-02 00:30:00+00:00,52.98,20.93,0.0
2026-02-02 00:45:00+00:00,53.3,21.27,0.68
2026-02-02 01:00:00+00:00,53.24,21.11,0.93
2026-02-02 01:15:00+00:00,53.13,21.17,1.92
2026-02-02 01:30:00+00:00,52.88,21.07,0.0
2026-02-02 01:45:00+00:00,53.02,20.94,0.0
2026-02-02 02:00:00+00:00,52.75,21.02,0.0
2026-02-02 02:15:00+00:00,52.72,20.85,0.0
2026-02-02 02:30:00+00:00,52.55,21.03,0.0
2026-02-02 02:45:00+00:00,52.43,20.75,0.0
2026-02-02 03:00:00+00:00,52.12,21.17,0.0
2026-02-02 03:15:00+00:00,52.22,21.37,3.02
2026-02-02 03:30:00+00:00,52.08,21.11,0.0
2026-02-02 03:45:00+00:00,51.8,21.49,0.44
2026-02-02 04:00:00+00:00,51.89,21.47,0.0
2026-02-02 04:15:00+00:00,51.7,21.71,0.0
2026-02-02 04:30:00+00:00,51.65,21.76,1.87
2026-02-02 04:45:00+00:00,51.65,22.72,0.0
2026-02-02 05:00:00+00:00,51.6,22.93,0.0
2026-02-02 05:15:00+00:00,51.14,23.06,0.0
2026-02-02 05:30:00+00:00,51.11,23.79,0.46
2026-02-02 05:45:00+00:00,50.96,23.46,0.0
2026-02-02 06:00:00+00:00,50.76,24.76,0.0
2026-02-02 06:15:00+00:00,50.6,24.13,3.51
2026-02-02 06:30:00+00:00,50.21,24.63,8.71
2026-02-02 06:45:00+00:00,50.08,24.8,13.71
2026-02-02 07:00:00+00:00,49.7,25.41,22.18
2026-02-02 07:15:00+00:00,49.48,25.93,22.71
2026-02-02 07:30:00+00:00,49.32,26.04,30.53
2026-02-02 07:45:00+00:00,49.27,26.99,34.9
2026-02-02 08:00:00+00:00,48.95,26.92,41.02
2026-02-02 08:15:00+00:00,48.95,27.33,43.18
2026-02-02 08:30:00+00:00,48.88,27.36,49.19
2026-02-02 08:45:00+00:00,48.59,28.15,51.22
2026-02-02 09:00:00+00:00,48.19,28.37,56.17
2026-02-02 09:15:00+00:00,47.74,28.6,55.79
2026-02-02 09:30:00+00:00,47.53,28.92,56.76
2026-02-02 09:45:00+00:00,47.16,30.31,65.78
2026-02-02 10:00:00+00:00,47.07,29.77,68.59
2026-02-02 10:15:00+00:00,46.71,29.75,71.09
2026-02-02 10:30:00+00:00,46.31,30.3,71.2
2026-02-02 10:45:00+00:00,46.06,30.79,77.03
2026-02-02 11:00:00+00:00,45.67,31.26,74.62
2026-02-02 11:15:00+00:00,45.38,31.53,77.54
2026-02-02 11:30:00+00:00,45.23,31.82,78.72
2026-02-02 11:45:00+00:00,44.95,31.65,81.47
2026-02-02 12:00:00+00:00,44.67,32.15,77.57
2026-02-02 12:15:00+00:00,44.4,31.97,76.73
2026-02-02 12:30:00+00:00,43.85,32.21,74.54
2026-02-02 12:45:00+00:00,43.61,32.26,79.8
2026-02-02 13:00:00+00:00,43.33,32.29,76.38
2026-02-02 13:15:00+00:00,43.15,33.06,74.96
2026-02-02 13:30:00+00:00,42.92,33.01,78.48
2026-02-02 13:45:00+00:00,42.58,33.13,70.79
2026-02-02 14:00:00+00:00,42.43,32.86,65.12
2026-02-02 14:15:00+00:00,42.08,33.07,64.63
2026-02-02 14:30:00+00:00,41.82,32.27,60.09
2026-02-02 14:45:00+00:00,41.47,33.0,58.0
2026-02-02 15:00:00+00:00,41.24,32.7,54.49
2026-02-02 15:15:00+00:00,40.89,32.72,50.39
2026-02-02 15:30:00+00:00,40.85,32.51,44.82
2026-02-02 15:45:00+00:00,40.87,31.94,46.63
2026-02-02 16:00:00+00:00,40.72,31.6,39.7
2026-02-02 16:15:00+00:00,40.68,31.63,34.14
2026-02-02 16:30:00+00:00,40.18,31.78,31.44
2026-02-02 16:45:00+00:00,39.7,31.57,26.08
2026-02-02 17:00:00+00:00,39.4,30.68,20.79
2026-02-02 17:15:00+00:00,39.16,30.51,16.63
2026-02-02 17:30:00+00:00,38.89,30.29,10.48
2026-02-02 17:45:00+00:00,38.41,30.08,6.46
2026-02-02 18:00:00+00:00,38.36,29.44,1.51
2026-02-02 18:15:00+00:00,38.47,29.08,0.33
2026-02-02 18:30:00+00:00,38.45,28.9,0.0
2026-02-02 18:45:00+00:00,38.4,28.81,3.06
2026-02-02 19:00:00+00:00,38.23,28.05,0.0
2026-02-02 19:15:00+00:00,37.9,27.99,0.78
2026-02-02 19:30:00+00:00,37.71,27.95,0.83
2026-02-02 19:45:00+00:00,37.85,26.85,0.0
2026-02-02 20:00:00+00:00,37.61,26.79,0.0
2026-02-02 20:15:00+00:00,37.36,26.77,0.0
2026-02-02 20:30:00+00:00,37.36,25.94,0.0
2026-02-02 20:45:00+00:00,37.37,25.51,0.0
2026-02-02 21:00:00+00:00,37.08,25.65,0.0
2026-02-02 21:15:00+00:00,36.89,24.83,0.53
2026-02-02 21:30:00+00:00,36.66,24.89,2.53
2026-02-02 21:45:00+00:00,36.52,24.33,1.11
2026-02-02 22:00:00+00:00,36.55,23.75,0.0
2026-02-02 22:15:00+00:00,36.3,23.66,1.28
2026-02-02 22:30:00+00:00,36.33,23.3,0.0
2026-02-02 22:45:00+00:00,36.22,23.2,0.91
2026-02-02 23:00:00+00:00,36.45,22.45,0.0
2026-02-02 23:15:00+00:00,36.38,22.35,0.0
2026-02-02 23:30:00+00:00,36.26,22.07,0.0
2026-02-02 23:45:00+00:00,36.23,22.08,0.0
2026-02-03 00:00:00+00:00,36.09,20.94,2.69
2026-02-03 00:15:00+00:00,35.72,21.37,0.0
2026-02-03 00:30:00+00:00,35.58,21.04,2.17
2026-02-03 00:45:00+00:00,35.46,20.37,1.88
2026-02-03 01:00:00+00:00,35.12,21.01,1.33
2026-02-03 01:15:00+00:00,35.01,21.23,0.0
2026-02-03 01:30:00+00:00,34.61,20.8,2.23
2026-02-03 01:45:00+00:00,34.47,20.89,0.0
2026-02-03 02:00:00+00:00,34.41,20.47,1.43
2026-02-03 02:15:00+00:00,34.35,19.96,0.0
2026-02-03 02:30:00+00:00,34.21,19.94,0.0
2026-02-03 02:45:00+00:00,34.1,20.64,3.95
2026-02-03 03:00:00+00:00,33.9,20.47,0.0
2026-02-03 03:15:00+00:00,33.81,20.49,2.29
2026-02-03 03:30:00+00:00,33.73,20.88,0.24
2026-02-03 03:45:00+00:00,33.49,21.25,0.0
2026-02-03 04:00:00+00:00,33.44,20.81,0.0
2026-02-03 04:15:00+00:00,33.38,21.32,0.0
2026-02-03 04:30:00+00:00,33.24,22.14,0.0
2026-02-03 04:45:00+00:00,33.5,21.61,0.0
2026-02-03 05:00:00+00:00,33.36,22.46,0.0
2026-02-03 05:15:00+00:00,33.21,22.34,1.85
2026-02-03 05:30:00+00:00,33.02,22.96,0.51
2026-02-03 05:45:00+00:00,32.74,23.44,0.0
2026-02-03 06:00:00+00:00,32.71,23.67,1.7
2026-02-03 06:15:00+00:00,32.46,24.06,5.53
2026-02-03 06:30:00+00:00,32.23,23.8,9.97
2026-02-03 06:45:00+00:00,31.99,24.85,18.02
2026-02-03 07:00:00+00:00,31.68,24.64,21.59
2026-02-03 07:15:00+00:00,31.25,25.35,24.9
2026-02-03 07:30:00+00:00,30.99,25.74,36.12
2026-02-03 07:45:00+00:00,30.93,26.2,37.44
2026-02-03 08:00:00+00:00,30.76,26.55,42.2
2026-02-03 08:15:00+00:00,30.8,26.59,46.26
2026-02-03 08:30:00+00:00,30.7,26.82,53.94
2026-02-03 08:45:00+00:00,30.55,27.88,54.81
2026-02-03 09:00:00+00:00,30.61,28.05,56.82
2026-02-03 09:15:00+00:00,30.35,28.72,62.34
2026-02-03 09:30:00+00:00,30.11,28.73,69.87
2026-02-03 09:45:00+00:00,91.1,28.68,72.11
2026-02-03 10:00:00+00:00,90.83,29.74,72.86
2026-02-03 10:15:00+00:00,90.47,29.67,78.73
2026-02-03 10:30:00+00:00,90.29,30.2,79.77
2026-02-03 10:45:00+00:00,89.89,30.21,79.69
2026-02-03 11:00:00+00:00,89.68,31.18,81.5
2026-02-03 11:15:00+00:00,89.46,30.69,83.75
2026-02-03 11:30:00+00:00,89.15,31.1,82.33
2026-02-03 11:45:00+00:00,88.94,31.47,84.55
2026-02-03 12:00:00+00:00,88.42,31.31,85.34
2026-02-03 12:15:00+00:00,88.15,31.93,81.17
2026-02-03 12:30:00+00:00,87.77,32.47,83.62
2026-02-03 12:45:00+00:00,87.9,31.98,82.49
2026-02-03 13:00:00+00:00,87.61,32.36,83.89
2026-02-03 13:15:00+00:00,87.23,31.51,76.54
2026-02-03 13:30:00+00:00,86.72,32.38,77.51
2026-02-03 13:45:00+00:00,86.61,32.34,75.02
2026-02-03 14:00:00+00:00,86.26,32.2,75.29
2026-02-03 14:15:00+00:00,85.84,32.76,70.36
2026-02-03 14:30:00+00:00,85.59,32.3,70.81
2026-02-03 14:45:00+00:00,85.39,32.28,65.02
2026-02-03 15:00:00+00:00,85.19,32.13,59.09
2026-02-03 15:15:00+00:00,84.91,31.55,56.34
2026-02-03 15:30:00+00:00,84.66,31.65,50.87
2026-02-03 15:45:00+00:00,84.41,32.12,48.79
2026-02-03 16:00:00+00:00,84.19,31.01,39.7
2026-02-03 16:15:00+00:00,83.99,31.2,35.82
2026-02-03 16:30:00+00:00,83.89,31.09,33.33
2026-02-03 16:45:00+00:00,83.63,31.48,29.68
2026-02-03 17:00:00+00:00,83.26,30.92,17.52
2026-02-03 17:15:00+00:00,82.99,30.23,19.28
2026-02-03 17:30:00+00:00,82.86,30.49,10.78
2026-02-03 17:45:00+00:00,82.37,29.56,1.77
2026-02-03 18:00:00+00:00,81.88,29.75,0.0
2026-02-03 18:15:00+00:00,81.8,28.69,0.0
2026-02-03 18:30:00+00:00,81.82,29.06,0.0
2026-02-03 18:45:00+00:00,81.42,28.25,0.0
2026-02-03 19:00:00+00:00,81.24,27.69,1.27
2026-02-03 19:15:00+00:00,80.99,27.55,0.0
2026-02-03 19:30:00+00:00,80.76,27.31,0.0
2026-02-03 19:45:00+00:00,80.62,26.69,0.0
2026-02-03 20:00:00+00:00,80.25,26.61,0.07
2026-02-03 20:15:00+00:00,79.92,25.88,0.46
2026-02-03 20:30:00+00:00,79.7,25.85,0.0
2026-02-03 20:45:00+00:00,79.52,25.41,1.8
2026-02-03 21:00:00+00:00,79.2,24.87,0.0
2026-02-03 21:15:00+00:00,79.17,24.38,0.0
2026-02-03 21:30:00+00:00,78.97,24.2,0.0
2026-02-03 21:45:00+00:00,78.76,23.96,2.15
2026-02-03 22:00:00+00:00,78.66,24.06,0.0
2026-02-03 22:15:00+00:00,78.51,23.39,0.0
2026-02-03 22:30:00+00:00,78.51,23.09,1.85
2026-02-03 22:45:00+00:00,78.24,23.42,4.29
2026-02-03 23:00:00+00:00,77.91,22.36,0.42
2026-02-03 23:15:00+00:00,77.75,22.08,2.47
2026-02-03 23:30:00+00:00,77.65,21.9,2.07
2026-02-03 23:45:00+00:00,77.37,21.15,0.0
2026-02-04 00:00:00+00:00,77.06,21.42,0.05
2026-02-04 00:15:00+00:00,76.99,21.22,0.0
2026-02-04 00:30:00+00:00,76.77,21.4,0.0
2026-02-04 00:45:00+00:00,76.46,21.02,0.0
2026-02-04 01:00:00+00:00,76.51,21.0,0.0
2026-02-04 01:15:00+00:00,76.32,21.2,0.0
2026-02-04 01:30:00+00:00,76.39,21.06,0.0
2026-02-04 01:45:00+00:00,76.31,20.72,1.06
2026-02-04 02:00:00+00:00,76.26,20.55,0.0
2026-02-04 02:15:00+00:00,76.14,21.11,0.0
2026-02-04 02:30:00+00:00,75.64,21.04,0.0
2026-02-04 02:45:00+00:00,75.39,20.39,0.0
2026-02-04 03:00:00+00:00,75.27,20.86,0.49
2026-02-04 03:15:00+00:00,75.23,21.12,1.01
2026-02-04 03:30:00+00:00,74.86,21.44,0.51
2026-02-04 03:45:00+00:00,74.75,21.65,0.0
2026-02-04 04:00:00+00:00,74.47,21.64,0.49
2026-02-04 04:15:00+00:00,74.4,21.94,0.0
2026-02-04 04:30:00+00:00,74.29,22.01,0.0
2026-02-04 04:45:00+00:00,74.29,22.04,1.48
2026-02-04 05:00:00+00:00,74.33,22.43,1.64
2026-02-04 05:15:00+00:00,74.28,22.8,1.9
2026-02-04 05:30:00+00:00,74.28,23.09,0.0
2026-02-04 05:45:00+00:00,74.1,22.85,2.36
2026-02-04 06:00:00+00:00,74.39,23.63,0.0
2026-02-04 06:15:00+00:00,74.06,24.12,6.44
2026-02-04 06:30:00+00:00,73.83,24.37,9.21
2026-02-04 06:45:00+00:00,73.81,24.75,14.85
2026-02-04 07:00:00+00:00,73.76,25.35,15.45
2026-02-04 07:15:00+00:00,73.66,25.26,24.6
2026-02-04 07:30:00+00:00,73.58,25.48,30.19
2026-02-04 07:45:00+00:00,73.08,26.26,33.86
2026-02-04 08:00:00+00:00,73.11,26.98,42.72
2026-02-04 08:15:00+00:00,72.86,27.65,41.24
2026-02-04 08:30:00+00:00,72.83,27.77,46.61
2026-02-04 08:45:00+00:00,72.31,27.48,49.89
2026-02-04 09:00:00+00:00,72.12,28.24,54.32
2026-02-04 09:15:00+00:00,71.79,28.76,61.02
2026-02-04 09:30:00+00:00,71.63,29.1,65.17
2026-02-04 09:45:00+00:00,71.42,29.57,63.8
2026-02-04 10:00:00+00:00,71.22,29.48,66.46
2026-02-04 10:15:00+00:00,70.79,30.11,68.01
2026-02-04 10:30:00+00:00,70.51,30.53,75.06
2026-02-04 10:45:00+00:00,70.2,30.96,76.5
2026-02-04 11:00:00+00:00,70.0,30.75,75.53
2026-02-04 11:15:00+00:00,69.86,31.16,74.12
2026-02-04 11:30:00+00:00,69.6,30.7,75.13
2026-02-04 11:45:00+00:00,69.12,31.56,78.59
2026-02-04 12:00:00+00:00,68.84,31.79,79.51
2026-02-04 12:15:00+00:00,68.94,31.83,74.12
2026-02-04 12:30:00+00:00,68.88,32.35,77.1
2026-02-04 12:45:00+00:00,68.13,32.42,80.15
2026-02-04 13:00:00+00:00,67.84,31.87,75.31
2026-02-04 13:15:00+00:00,67.67,32.7,77.23
2026-02-04 13:30:00+00:00,67.34,32.42,73.74
2026-02-04 13:45:00+00:00,66.96,32.89,68.16
2026-02-04 14:00:00+00:00,66.63,32.37,67.32
2026-02-04 14:15:00+00:00,66.4,32.75,64.94
2026-02-04 14:30:00+00:00,65.93,32.62,60.31
2026-02-04 14:45:00+00:00,65.81,32.73,57.02
2026-02-04 15:00:00+00:00,65.51,32.59,58.46
2026-02-04 15:15:00+00:00,65.07,32.36,49.75
2026-02-04 15:30:00+00:00,64.96,31.84,49.89
2026-02-04 15:45:00+00:00,64.45,31.69,42.69
2026-02-04 16:00:00+00:00,64.09,31.77,39.16
2026-02-04 16:15:00+00:00,63.73,31.74,35.81
2026-02-04 16:30:00+00:00,63.79,31.33,28.81
2026-02-04 16:45:00+00:00,63.42,31.45,26.34
2026-02-04 17:00:00+00:00,62.85,30.91,16.2
2026-02-04 17:15:00+00:00,62.52,30.42,16.18
2026-02-04 17:30:00+00:00,62.35,30.32,5.3
2026-02-04 17:45:00+00:00,62.23,30.15,4.67
2026-02-04 18:00:00+00:00,62.34,29.85,1.71
2026-02-04 18:15:00+00:00,62.32,29.97,1.24
2026-02-04 18:30:00+00:00,62.14,28.85,0.0
2026-02-04 18:45:00+00:00,61.8,28.66,0.0
2026-02-04 19:00:00+00:00,61.83,28.43,0.0
2026-02-04 19:15:00+00:00,61.58,27.92,0.37
2026-02-04 19:30:00+00:00,61.29,27.39,0.0
2026-02-04 19:45:00+00:00,61.05,26.68,0.0
2026-02-04 20:00:00+00:00,60.68,26.6,0.62
2026-02-04 20:15:00+00:00,60.44,26.04,0.0
2026-02-04 20:30:00+00:00,60.24,25.45,1.05
2026-02-04 20:45:00+00:00,60.19,25.34,0.45
2026-02-04 21:00:00+00:00,59.98,24.89,0.0
2026-02-04 21:15:00+00:00,59.63,25.0,0.0
2026-02-04 21:30:00+00:00,59.24,24.64,0.27
2026-02-04 21:45:00+00:00,59.14,23.83,0.0
2026-02-04 22:00:00+00:00,59.01,23.68,0.0
2026-02-04 22:15:00+00:00,58.81,22.86,0.96
2026-02-04 22:30:00+00:00,58.61,22.95,2.83
2026-02-04 22:45:00+00:00,58.55,22.92,0.0
2026-02-04 23:00:00+00:00,58.63,22.76,1.11
2026-02-04 23:15:00+00:00,58.4,22.03,0.0
2026-02-04 23:30:00+00:00,58.3,22.31,0.49
2026-02-04 23:45:00+00:00,58.35,21.31,0.0
2026-02-05 00:00:00+00:00,58.12,21.75,2.46
2026-02-05 00:15:00+00:00,58.01,22.15,0.0
2026-02-05 00:30:00+00:00,57.89,22.28,0.0
2026-02-05 00:45:00+00:00,57.58,21.78,2.12
2026-02-05 01:00:00+00:00,57.51,21.51,0.0
2026-02-05 01:15:00+00:00,57.42,20.78,0.0
2026-02-05 01:30:00+00:00,57.41,20.76,5.1
2026-02-05 01:45:00+00:00,57.13,21.37,0.0
2026-02-05 02:00:00+00:00,57.03,21.21,0.0
2026-02-05 02:15:00+00:00,57.15,21.0,0.69
2026-02-05 02:30:00+00:00,57.36,21.39,0.54
2026-02-05 02:45:00+00:00,57.45,21.47,0.0
2026-02-05 03:00:00+00:00,57.16,21.81,0.0
2026-02-05 03:15:00+00:00,57.13,21.68,0.0
2026-02-05 03:30:00+00:00,56.94,22.14,0.0
2026-02-05 03:45:00+00:00,56.87,21.94,4.3
2026-02-05 04:00:00+00:00,56.64,22.09,0.0
2026-02-05 04:15:00+00:00,56.27,22.65,1.19
2026-02-05 04:30:00+00:00,56.1,22.26,0.0
2026-02-05 04:45:00+00:00,56.08,23.65,0.0
2026-02-05 05:00:00+00:00,55.99,23.19,0.0
2026-02-05 05:15:00+00:00,55.92,23.48,0.0
2026-02-05 05:30:00+00:00,55.81,23.82,0.0
2026-02-05 05:45:00+00:00,55.73,24.55,0.0
2026-02-05 06:00:00+00:00,55.66,24.56,2.34
2026-02-05 06:15:00+00:00,55.47,24.18,1.87
2026-02-05 06:30:00+00:00,55.32,25.44,7.36
2026-02-05 06:45:00+00:00,55.42,25.29,10.93
2026-02-05 07:00:00+00:00,55.26,25.8,19.77
2026-02-05 07:15:00+00:00,55.09,25.76,19.23
2026-02-05 07:30:00+00:00,54.91,26.69,26.09
2026-02-05 07:45:00+00:00,54.68,26.73,30.79
2026-02-05 08:00:00+00:00,54.41,27.35,32.32
2026-02-05 08:15:00+00:00,54.23,27.63,33.48
2026-02-05 08:30:00+00:00,53.93,28.68,36.98
2026-02-05 08:45:00+00:00,53.67,29.08,44.73
2026-02-05 09:00:00+00:00,53.31,28.89,43.6
2026-02-05 09:15:00+00:00,53.09,29.27,49.82
2026-02-05 09:30:00+00:00,52.92,29.5,51.98
2026-02-05 09:45:00+00:00,52.63,30.3,54.99
2026-02-05 10:00:00+00:00,52.07,30.22,57.43
2026-02-05 10:15:00+00:00,51.89,30.53,56.63
2026-02-05 10:30:00+00:00,51.63,31.26,58.31
2026-02-05 10:45:00+00:00,51.2,31.11,63.19
2026-02-05 11:00:00+00:00,51.03,31.55,61.74
2026-02-05 11:15:00+00:00,50.54,31.35,58.47
2026-02-05 11:30:00+00:00,50.4,32.29,65.97
2026-02-05 11:45:00+00:00,50.09,32.89,63.01
2026-02-05 12:00:00+00:00,49.45,32.73,66.16
2026-02-05 12:15:00+00:00,49.16,33.14,67.87
2026-02-05 12:30:00+00:00,48.8,32.61,64.7
2026-02-05 12:45:00+00:00,48.41,33.07,65.96
2026-02-05 13:00:00+00:00,47.99,32.83,63.31
2026-02-05 13:15:00+00:00,47.66,33.13,64.94
2026-02-05 13:30:00+00:00,47.28,33.5,58.14
2026-02-05 13:45:00+00:00,46.69,33.34,58.48
2026-02-05 14:00:00+00:00,46.58,32.89,57.83
2026-02-05 14:15:00+00:00,46.24,32.91,53.85
2026-02-05 14:30:00+00:00,45.83,32.85,54.05
2026-02-05 14:45:00+00:00,45.36,33.35,48.18
2026-02-05 15:00:00+00:00,45.16,33.73,50.26
2026-02-05 15:15:00+00:00,44.66,33.41,47.25
2026-02-05 15:30:00+00:00,44.4,32.29,40.27
2026-02-05 15:45:00+00:00,44.02,33.13,37.34
2026-02-05 16:00:00+00:00,43.65,32.8,35.0
2026-02-05 16:15:00+00:00,43.21,31.84,26.47
2026-02-05 16:30:00+00:00,42.85,31.99,22.34
2026-02-05 16:45:00+00:00,42.58,32.16,23.48
2026-02-05 17:00:00+00:00,42.35,31.73,17.43
2026-02-05 17:15:00+00:00,41.98,30.88,12.27
2026-02-05 17:30:00+00:00,41.71,31.15,8.54
2026-02-05 17:45:00+00:00,41.62,30.01,0.0
2026-02-05 18:00:00+00:00,41.13,30.25,0.0
2026-02-05 18:15:00+00:00,40.9,30.31,0.0
2026-02-05 18:30:00+00:00,40.53,29.62,1.84
2026-02-05 18:45:00+00:00,40.16,29.1,1.99
2026-02-05 19:00:00+00:00,39.98,29.14,1.15
2026-02-05 19:15:00+00:00,39.68,28.78,0.79
2026-02-05 19:30:00+00:00,39.29,28.49,0.0
2026-02-05 19:45:00+00:00,39.29,27.97,1.18
2026-02-05 20:00:00+00:00,39.23,27.64,1.26
2026-02-05 20:15:00+00:00,38.76,27.15,2.49
2026-02-05 20:30:00+00:00,38.35,26.61,4.24
2026-02-05 20:45:00+00:00,38.27,26.17,0.0
2026-02-05 21:00:00+00:00,38.06,25.69,0.0
2026-02-05 21:15:00+00:00,38.13,25.03,0.0
2026-02-05 21:30:00+00:00,38.07,24.74,0.35
2026-02-05 21:45:00+00:00,37.97,24.58,0.03
2026-02-05 22:00:00+00:00,37.67,24.39,0.0
2026-02-05 22:15:00+00:00,37.6,24.42,2.06
2026-02-05 22:30:00+00:00,37.27,23.65,0.0
2026-02-05 22:45:00+00:00,37.33,23.66,0.0
2026-02-05 23:00:00+00:00,37.26,23.4,0.0
2026-02-05 23:15:00+00:00,37.02,22.74,0.0
2026-02-05 23:30:00+00:00,37.02,22.74,0.0
2026-02-05 23:45:00+00:00,37.24,22.26,0.0
2026-02-06 00:00:00+00:00,37.09,22.46,0.0
2026-02-06 00:15:00+00:00,37.06,22.07,0.0
2026-02-06 00:30:00+00:00,36.9,21.36,1.75
2026-02-06 00:45:00+00:00,36.8,21.63,0.0
2026-02-06 01:00:00+00:00,36.47,21.96,2.13
2026-02-06 01:15:00+00:00,36.37,21.32,0.0
2026-02-06 01:30:00+00:00,36.27,21.45,0.0
2026-02-06 01:45:00+00:00,36.44,21.44,0.0
2026-02-06 02:00:00+00:00,36.08,20.95,0.0
2026-02-06 02:15:00+00:00,35.93,21.43,1.42
2026-02-06 02:30:00+00:00,36.03,20.89,0.0
2026-02-06 02:45:00+00:00,35.9,21.19,1.04
2026-02-06 03:00:00+00:00,35.77,21.79,0.0
2026-02-06 03:15:00+00:00,35.53,21.69,1.52
2026-02-06 03:30:00+00:00,35.29,21.63,0.0
2026-02-06 03:45:00+00:00,34.91,22.01,1.7
2026-02-06 04:00:00+00:00,34.7,22.05,0.12
2026-02-06 04:15:00+00:00,34.44,22.28,3.04
2026-02-06 04:30:00+00:00,34.33,22.7,0.0
2026-02-06 04:45:00+00:00,34.1,22.53,0.0
2026-02-06 05:00:00+00:00,33.9,23.03,0.0
2026-02-06 05:15:00+00:00,33.7,23.21,0.0
2026-02-06 05:30:00+00:00,33.57,23.13,0.0
2026-02-06 05:45:00+00:00,33.36,23.65,1.24
2026-02-06 06:00:00+00:00,33.05,24.73,0.0
2026-02-06 06:15:00+00:00,32.91,24.72,4.0
2026-02-06 06:30:00+00:00,32.91,24.57,9.13
2026-02-06 06:45:00+00:00,32.77,24.87,13.61
2026-02-06 07:00:00+00:00,32.5,25.67,22.94
2026-02-06 07:15:00+00:00,32.3,26.56,22.93
2026-02-06 07:30:00+00:00,31.8,26.42,26.4
2026-02-06 07:45:00+00:00,31.57,27.26,35.16
2026-02-06 08:00:00+00:00,31.3,27.37,37.52
2026-02-06 08:15:00+00:00,30.94,27.8,46.24
2026-02-06 08:30:00+00:00,30.61,27.64,45.15
2026-02-06 08:45:00+00:00,30.31,28.71,51.74
2026-02-06 09:00:00+00:00,30.22,28.71,55.83
2026-02-06 09:15:00+00:00,30.14,29.45,56.02
2026-02-06 09:30:00+00:00,91.66,29.31,58.73
2026-02-06 09:45:00+00:00,91.33,29.97,64.59
2026-02-06 10:00:00+00:00,91.18,30.37,66.88
2026-02-06 10:15:00+00:00,90.93,30.55,65.25
2026-02-06 10:30:00+00:00,90.66,31.04,67.86
2026-02-06 10:45:00+00:00,90.46,31.14,66.8
2026-02-06 11:00:00+00:00,90.09,31.31,74.5
2026-02-06 11:15:00+00:00,89.99,32.25,73.92
2026-02-06 11:30:00+00:00,89.69,32.34,74.93
2026-02-06 11:45:00+00:00,89.26,32.02,72.35
2026-02-06 12:00:00+00:00,88.92,32.63,73.7
2026-02-06 12:15:00+00:00,88.8,32.42,74.78
2026-02-06 12:30:00+00:00,88.44,32.45,73.9
2026-02-06 12:45:00+00:00,88.26,33.25,74.68
2026-02-06 13:00:00+00:00,87.86,32.55,74.48
2026-02-06 13:15:00+00:00,87.43,33.42,76.41
2026-02-06 13:30:00+00:00,87.22,33.13,70.08
2026-02-06 13:45:00+00:00,86.77,33.18,70.3
2026-02-06 14:00:00+00:00,86.58,33.38,64.07
2026-02-06 14:15:00+00:00,86.32,33.42,59.76
2026-02-06 14:30:00+00:00,85.89,32.96,59.51
2026-02-06 14:45:00+00:00,85.57,33.36,53.87
2026-02-06 15:00:00+00:00,85.18,33.09,53.7
2026-02-06 15:15:00+00:00,84.94,32.57,48.48
2026-02-06 15:30:00+00:00,84.93,32.75,42.3
2026-02-06 15:45:00+00:00,84.58,33.06,45.64
2026-02-06 16:00:00+00:00,84.37,32.96,36.87
2026-02-06 16:15:00+00:00,84.09,32.47,30.29
2026-02-06 16:30:00+00:00,83.82,31.66,30.84
2026-02-06 16:45:00+00:00,83.53,31.92,22.94
2026-02-06 17:00:00+00:00,83.13,31.76,21.82
2026-02-06 17:15:00+00:00,82.92,31.44,13.34
2026-02-06 17:30:00+00:00,82.63,31.15,8.83
2026-02-06 17:45:00+00:00,82.25,30.7,5.65
2026-02-06 18:00:00+00:00,82.17,30.24,1.19
2026-02-06 18:15:00+00:00,81.96,29.73,1.54
2026-02-06 18:30:00+00:00,81.71,28.99,0.0
2026-02-06 18:45:00+00:00,81.69,29.29,1.06
2026-02-06 19:00:00+00:00,81.2,28.87,1.49
2026-02-06 19:15:00+00:00,81.18,28.6,0.4
2026-02-06 19:30:00+00:00,80.85,27.64,0.0
2026-02-06 19:45:00+00:00,80.69,27.85,0.0
2026-02-06 20:00:00+00:00,80.4,27.88,1.2
2026-02-06 20:15:00+00:00,80.08,26.89,0.08
2026-02-06 20:30:00+00:00,80.1,26.46,0.0
2026-02-06 20:45:00+00:00,80.2,26.18,2.56
2026-02-06 21:00:00+00:00,80.0,26.32,0.0
2026-02-06 21:15:00+00:00,79.89,25.03,3.29
2026-02-06 21:30:00+00:00,79.74,25.03,0.0
2026-02-06 21:45:00+00:00,79.86,24.37,0.64
2026-02-06 22:00:00+00:00,79.4,24.1,0.0
2026-02-06 22:15:00+00:00,79.32,23.91,0.0
2026-02-06 22:30:00+00:00,79.07,24.01,0.0
2026-02-06 22:45:00+00:00,78.57,23.85,0.67
2026-02-06 23:00:00+00:00,78.39,23.15,1.35
2026-02-06 23:15:00+00:00,78.55,22.64,0.0
2026-02-06 23:30:00+00:00,78.32,23.25,0.0
2026-02-06 23:45:00+00:00,78.33,22.14,0.0
2026-02-07 00:00:00+00:00,78.4,21.47,4.1
2026-02-07 00:15:00+00:00,78.31,20.93,0.0
2026-02-07 00:30:00+00:00,78.22,21.72,2.85
2026-02-07 00:45:00+00:00,77.86,21.45,0.0
2026-02-07 01:00:00+00:00,77.65,21.77,0.0
2026-02-07 01:15:00+00:00,77.69,20.54,1.25
2026-02-07 01:30:00+00:00,77.6,21.33,0.0
2026-02-07 01:45:00+00:00,77.56,20.88,3.18
2026-02-07 02:00:00+00:00,77.49,21.08,0.15
2026-02-07 02:15:00+00:00,77.73,20.36,0.92
2026-02-07 02:30:00+00:00,77.57,21.33,0.0
2026-02-07 02:45:00+00:00,77.71,21.19,1.32
2026-02-07 03:00:00+00:00,77.63,21.03,3.16
2026-02-07 03:15:00+00:00,77.78,21.35,0.0
2026-02-07 03:30:00+00:00,77.5,21.07,3.46
2026-02-07 03:45:00+00:00,77.43,21.29,0.0
2026-02-07 04:00:00+00:00,77.27,21.51,1.53
2026-02-07 04:15:00+00:00,77.19,21.3,0.98
2026-02-07 04:30:00+00:00,77.26,22.34,0.0
2026-02-07 04:45:00+00:00,77.19,22.69,0.43
2026-02-07 05:00:00+00:00,77.26,22.39,0.01
2026-02-07 05:15:00+00:00,77.04,22.99,0.0
2026-02-07 05:30:00+00:00,76.79,23.11,0.72
2026-02-07 05:45:00+00:00,76.65,23.61,0.29
2026-02-07 06:00:00+00:00,76.51,23.65,0.0
2026-02-07 06:15:00+00:00,76.34,23.92,4.86
2026-02-07 06:30:00+00:00,76.04,24.86,9.8
2026-02-07 06:45:00+00:00,76.06,24.89,14.18
2026-02-07 07:00:00+00:00,75.83,25.89,20.07
2026-02-07 07:15:00+00:00,75.87,25.68,23.29
2026-02-07 07:30:00+00:00,75.68,25.78,34.58
2026-02-07 07:45:00+00:00,75.58,26.82,31.0
2026-02-07 08:00:00+00:00,75.46,27.03,37.06
2026-02-07 08:15:00+00:00,75.13,27.45,41.47
2026-02-07 08:30:00+00:00,74.96,27.98,50.63
2026-02-07 08:45:00+00:00,75.03,27.82,47.78
2026-02-07 09:00:00+00:00,74.83,28.36,54.92
2026-02-07 09:15:00+00:00,74.73,28.72,57.99
2026-02-07 09:30:00+00:00,74.59,28.75,61.33
2026-02-07 09:45:00+00:00,74.38,29.42,66.05
2026-02-07 10:00:00+00:00,74.14,30.24,68.65
2026-02-07 10:15:00+00:00,73.95,30.25,67.68
2026-02-07 10:30:00+00:00,73.8,30.09,71.03
2026-02-07 10:45:00+00:00,73.33,30.33,68.68
2026-02-07 11:00:00+00:00,73.08,31.58,74.06
2026-02-07 11:15:00+00:00,72.76,31.33,73.41
2026-02-07 11:30:00+00:00,72.41,31.41,75.44
2026-02-07 11:45:00+00:00,72.32,31.75,72.93
2026-02-07 12:00:00+00:00,71.91,31.59,77.28
2026-02-07 12:15:00+00:00,71.4,32.65,72.91
2026-02-07 12:30:00+00:00,71.22,32.27,76.11
2026-02-07 12:45:00+00:00,70.69,32.93,72.54
2026-02-07 13:00:00+00:00,70.1,32.65,72.16
2026-02-07 13:15:00+00:00,69.92,33.15,74.72
2026-02-07 13:30:00+00:00,69.63,32.87,71.82
2026-02-07 13:45:00+00:00,69.39,33.08,70.88
2026-02-07 14:00:00+00:00,69.02,33.06,69.34
2026-02-07 14:15:00+00:00,68.5,33.02,62.03
2026-02-07 14:30:00+00:00,68.02,32.89,63.66
2026-02-07 14:45:00+00:00,67.68,32.66,54.56
2026-02-07 15:00:00+00:00,67.18,33.21,55.56
2026-02-07 15:15:00+00:00,66.94,32.25,49.43
2026-02-07 15:30:00+00:00,66.58,32.39,44.69
2026-02-07 15:45:00+00:00,66.33,32.23,43.71
2026-02-07 16:00:00+00:00,66.07,32.16,40.12
2026-02-07 16:15:00+00:00,65.85,31.7,35.65
2026-02-07 16:30:00+00:00,65.66,31.7,29.69
2026-02-07 16:45:00+00:00,65.34,31.3,24.84
2026-02-07 17:00:00+00:00,65.12,30.61,20.84
2026-02-07 17:15:00+00:00,64.91,30.8,15.53
2026-02-07 17:30:00+00:00,64.3,30.16,11.06
2026-02-07 17:45:00+00:00,64.17,29.65,5.41
2026-02-07 18:00:00+00:00,63.97,29.88,1.69
2026-02-07 18:15:00+00:00,63.83,29.64,0.0
2026-02-07 18:30:00+00:00,63.42,29.3,0.0
2026-02-07 18:45:00+00:00,63.15,28.94,0.0
2026-02-07 19:00:00+00:00,62.79,27.81,0.55
2026-02-07 19:15:00+00:00,62.71,27.6,3.28
2026-02-07 19:30:00+00:00,62.29,28.22,0.0
2026-02-07 19:45:00+00:00,61.97,26.92,0.25
2026-02-07 20:00:00+00:00,61.87,27.02,1.51
2026-02-07 20:15:00+00:00,61.6,26.24,0.0
2026-02-07 20:30:00+00:00,61.29,26.08,0.0
2026-02-07 20:45:00+00:00,61.26,25.48,0.73
2026-02-07 21:00:00+00:00,61.24,25.46,0.0
2026-02-07 21:15:00+00:00,61.19,24.95,0.0
2026-02-07 21:30:00+00:00,61.17,24.41,2.2
2026-02-07 21:45:00+00:00,61.0,23.87,2.01
2026-02-07 22:00:00+00:00,60.83,23.92,0.75
2026-02-07 22:15:00+00:00,60.61,23.14,1.76
2026-02-07 22:30:00+00:00,60.5,23.32,0.43
2026-02-07 22:45:00+00:00,60.29,23.67,1.11
2026-02-07 23:00:00+00:00,60.1,23.0,0.0
2026-02-07 23:15:00+00:00,60.07,22.55,0.23
2026-02-07 23:30:00+00:00,60.13,22.06,0.0
2026-02-07 23:45:00+00:00,60.09,21.27,2.53
2026-02-08 00:00:00+00:00,60.27,20.84,3.04
2026-02-08 00:15:00+00:00,60.06,21.43,2.76
2026-02-08 00:30:00+00:00,59.69,20.65,0.0
2026-02-08 00:45:00+00:00,59.71,20.54,0.0
2026-02-08 01:00:00+00:00,59.51,20.58,2.55
2026-02-08 01:15:00+00:00,59.38,20.23,1.09
2026-02-08 01:30:00+00:00,59.04,20.11,0.66
2026-02-08 01:45:00+00:00,58.81,20.43,0.0
2026-02-08 02:00:00+00:00,58.51,20.16,0.85
2026-02-08 02:15:00+00:00,58.36,20.22,0.0
2026-02-08 02:30:00+00:00,58.21,20.25,1.27
2026-02-08 02:45:00+00:00,58.14,20.7,2.76
2026-02-08 03:00:00+00:00,58.23,20.56,3.26
2026-02-08 03:15:00+00:00,58.24,20.69,1.42
2026-02-08 03:30:00+00:00,57.9,21.06,0.0
2026-02-08 03:45:00+00:00,57.9,21.01,0.39
2026-02-08 04:00:00+00:00,57.82,21.15,4.28
2026-02-08 04:15:00+00:00,57.7,21.58,0.0
2026-02-08 04:30:00+00:00,57.59,21.87,0.0
2026-02-08 04:45:00+00:00,57.51,21.87,2.83
2026-02-08 05:00:00+00:00,57.29,22.21,1.23
2026-02-08 05:15:00+00:00,57.15,22.24,4.96
2026-02-08 05:30:00+00:00,57.21,22.52,0.0
2026-02-08 05:45:00+00:00,56.97,23.33,0.0
2026-02-08 06:00:00+00:00,56.68,23.56,2.45
2026-02-08 06:15:00+00:00,56.53,23.91,2.02
2026-02-08 06:30:00+00:00,56.22,24.22,8.42
2026-02-08 06:45:00+00:00,55.8,24.51,13.04
2026-02-08 07:00:00+00:00,55.59,25.09,19.54
2026-02-08 07:15:00+00:00,55.63,25.54,22.93
2026-02-08 07:30:00+00:00,55.44,25.92,26.75
2026-02-08 07:45:00+00:00,55.28,26.01,29.05
2026-02-08 08:00:00+00:00,54.76,26.85,36.18
2026-02-08 08:15:00+00:00,54.62,26.89,45.56
2026-02-08 08:30:00+00:00,54.42,27.4,42.48
2026-02-08 08:45:00+00:00,54.11,27.68,44.71
2026-02-08 09:00:00+00:00,53.91,28.06,45.14
2026-02-08 09:15:00+00:00,53.71,28.14,49.48
2026-02-08 09:30:00+00:00,53.31,28.94,53.13
2026-02-08 09:45:00+00:00,53.1,29.94,55.06
2026-02-08 10:00:00+00:00,53.03,29.32,58.43
2026-02-08 10:15:00+00:00,52.74,29.78,64.1
2026-02-08 10:30:00+00:00,52.35,29.95,64.86
2026-02-08 10:45:00+00:00,52.06,30.24,63.61
2026-02-08 11:00:00+00:00,51.91,31.13,62.79
2026-02-08 11:15:00+00:00,51.45,30.74,68.89
2026-02-08 11:30:00+00:00,51.25,31.05,66.83
2026-02-08 11:45:00+00:00,50.88,30.94,63.91
2026-02-08 12:00:00+00:00,50.63,31.4,68.93
2026-02-08 12:15:00+00:00,50.26,31.3,69.42
2026-02-08 12:30:00+00:00,49.88,32.16,62.08
2026-02-08 12:45:00+00:00,49.8,32.95,64.56
2026-02-08 13:00:00+00:00,49.3,32.11,64.99
2026-02-08 13:15:00+00:00,49.08,31.81,65.39
2026-02-08 13:30:00+00:00,49.04,32.65,61.34
2026-02-08 13:45:00+00:00,48.85,32.2,58.88
2026-02-08 14:00:00+00:00,48.35,32.82,59.92
2026-02-08 14:15:00+00:00,47.86,32.33,55.19
2026-02-08 14:30:00+00:00,47.46,32.19,54.64
2026-02-08 14:45:00+00:00,47.19,32.26,48.53
2026-02-08 15:00:00+00:00,46.94,32.45,45.03
2026-02-08 15:15:00+00:00,46.46,32.04,46.02
2026-02-08 15:30:00+00:00,46.06,31.82,41.6
2026-02-08 15:45:00+00:00,45.66,31.75,39.35
2026-02-08 16:00:00+00:00,45.37,31.24,32.69
2026-02-08 16:15:00+00:00,45.4,31.54,28.27
2026-02-08 16:30:00+00:00,45.0,30.65,28.56
2026-02-08 16:45:00+00:00,44.6,30.81,18.65
2026-02-08 17:00:00+00:00,44.18,30.9,19.98
2026-02-08 17:15:00+00:00,44.03,30.48,15.81
2026-02-08 17:30:00+00:00,43.79,30.26,10.53
2026-02-08 17:45:00+00:00,43.42,29.74,3.04
2026-02-08 18:00:00+00:00,43.14,29.78,0.0
2026-02-08 18:15:00+00:00,42.8,29.36,0.0
2026-02-08 18:30:00+00:00,42.63,28.86,0.0
2026-02-08 18:45:00+00:00,42.83,28.64,0.0
2026-02-08 19:00:00+00:00,42.71,28.21,1.29
2026-02-08 19:15:00+00:00,42.5,27.47,1.3
2026-02-08 19:30:00+00:00,42.22,26.81,0.0
2026-02-08 19:45:00+00:00,41.83,26.95,1.35
2026-02-08 20:00:00+00:00,41.76,26.59,0.91
2026-02-08 20:15:00+00:00,41.69,26.36,3.02
2026-02-08 20:30:00+00:00,41.46,25.36,1.14
2026-02-08 20:45:00+00:00,41.48,24.99,2.12
2026-02-08 21:00:00+00:00,41.33,25.01,0.95
2026-02-08 21:15:00+00:00,41.3,24.48,1.96
2026-02-08 21:30:00+00:00,41.21,23.57,0.0
2026-02-08 21:45:00+00:00,41.04,23.89,0.0
2026-02-08 22:00:00+00:00,40.78,22.87,0.0
2026-02-08 22:15:00+00:00,40.63,22.81,0.0
2026-02-08 22:30:00+00:00,40.63,23.18,0.89
2026-02-08 22:45:00+00:00,40.43,23.02,1.27
2026-02-08 23:00:00+00:00,40.39,21.82,0.78
2026-02-08 23:15:00+00:00,40.12,21.82,0.0
2026-02-08 23:30:00+00:00,40.13,21.68,0.0
2026-02-08 23:45:00+00:00,40.07,21.97,2.19
2026-02-09 00:00:00+00:00,39.78,21.41,0.7
2026-02-09 00:15:00+00:00,39.65,21.23,0.0
2026-02-09 00:30:00+00:00,39.69,21.68,0.0
2026-02-09 00:45:00+00:00,39.4,20.96,0.0
2026-02-09 01:00:00+00:00,39.15,21.18,0.07
2026-02-09 01:15:00+00:00,39.05,20.43,0.0
2026-02-09 01:30:00+00:00,39.28,20.75,0.0
2026-02-09 01:45:00+00:00,39.09,20.27,3.17
2026-02-09 02:00:00+00:00,39.08,20.44,0.0
2026-02-09 02:15:00+00:00,39.02,21.02,1.41
2026-02-09 02:30:00+00:00,38.84,20.79,4.37
2026-02-09 02:45:00+00:00,38.77,20.77,2.15
2026-02-09 03:00:00+00:00,38.61,20.73,0.0
2026-02-09 03:15:00+00:00,38.46,21.01,0.0
2026-02-09 03:30:00+00:00,38.12,21.3,0.0
2026-02-09 03:45:00+00:00,38.01,21.67,0.0
2026-02-09 04:00:00+00:00,38.05,20.77,0.0
2026-02-09 04:15:00+00:00,37.96,21.52,0.0
2026-02-09 04:30:00+00:00,38.01,22.04,0.0
2026-02-09 04:45:00+00:00,37.98,22.21,0.0
2026-02-09 05:00:00+00:00,37.85,22.63,0.97
2026-02-09 05:15:00+00:00,37.64,22.88,0.0
2026-02-09 05:30:00+00:00,37.44,23.01,0.0
2026-02-09 05:45:00+00:00,37.09,23.26,0.0
2026-02-09 06:00:00+00:00,36.91,23.68,0.0
2026-02-09 06:15:00+00:00,36.78,24.45,9.58
2026-02-09 06:30:00+00:00,36.89,24.24,12.24
2026-02-09 06:45:00+00:00,36.81,24.81,14.38
2026-02-09 07:00:00+00:00,36.51,25.26,24.2
2026-02-09 07:15:00+00:00,36.11,26.05,30.1
2026-02-09 07:30:00+00:00,35.89,25.88,34.29
2026-02-09 07:45:00+00:00,35.82,26.65,37.49
2026-02-09 08:00:00+00:00,35.57,27.12,48.64
2026-02-09 08:15:00+00:00,35.44,27.13,48.0
2026-02-09 08:30:00+00:00,35.19,27.47,56.26
2026-02-09 08:45:00+00:00,35.07,27.83,59.91
2026-02-09 09:00:00+00:00,34.6,28.23,65.02
2026-02-09 09:15:00+00:00,34.59,28.94,71.27
2026-02-09 09:30:00+00:00,34.17,29.12,72.73
2026-02-09 09:45:00+00:00,34.03,29.48,73.92
2026-02-09 10:00:00+00:00,33.73,29.42,80.37
2026-02-09 10:15:00+00:00,33.44,29.8,79.68
2026-02-09 10:30:00+00:00,33.12,31.05,83.71
2026-02-09 10:45:00+00:00,32.88,30.66,82.88
2026-02-09 11:00:00+00:00,32.66,30.76,85.11
2026-02-09 11:15:00+00:00,32.52,31.69,88.62
2026-02-09 11:30:00+00:00,32.43,31.6,90.22
2026-02-09 11:45:00+00:00,32.18,31.92,86.65
2026-02-09 12:00:00+00:00,32.13,31.91,91.25
2026-02-09 12:15:00+00:00,31.84,32.04,88.42
2026-02-09 12:30:00+00:00,31.69,32.25,92.04
2026-02-09 12:45:00+00:00,31.45,32.02,87.81
2026-02-09 13:00:00+00:00,31.06,32.52,84.93
2026-02-09 13:15:00+00:00,30.77,32.73,85.61
2026-02-09 13:30:00+00:00,30.53,33.26,81.55
2026-02-09 13:45:00+00:00,30.21,32.77,83.48
2026-02-09 14:00:00+00:00,87.88,32.05,78.16
2026-02-09 14:15:00+00:00,87.57,32.71,74.74
2026-02-09 14:30:00+00:00,86.81,33.52,72.79
2026-02-09 14:45:00+00:00,86.76,32.9,65.85
2026-02-09 15:00:00+00:00,86.42,32.31,61.24
2026-02-09 15:15:00+00:00,85.99,32.61,60.32
2026-02-09 15:30:00+00:00,85.54,32.07,52.74
2026-02-09 15:45:00+00:00,85.21,31.73,47.94
2026-02-09 16:00:00+00:00,84.84,31.85,46.8
2026-02-09 16:15:00+00:00,84.45,31.77,40.97
2026-02-09 16:30:00+00:00,84.09,30.95,32.03
2026-02-09 16:45:00+00:00,83.91,30.92,27.77
2026-02-09 17:00:00+00:00,83.96,31.0,21.55
2026-02-09 17:15:00+00:00,83.84,30.59,21.16
2026-02-09 17:30:00+00:00,83.76,30.53,13.59
2026-02-09 17:45:00+00:00,83.47,29.72,5.06
2026-02-09 18:00:00+00:00,83.26,29.97,1.15
2026-02-09 18:15:00+00:00,83.11,29.05,0.0
2026-02-09 18:30:00+00:00,82.79,29.54,0.0
2026-02-09 18:45:00+00:00,82.52,28.17,0.21
2026-02-09 19:00:00+00:00,82.45,27.98,0.9
2026-02-09 19:15:00+00:00,82.41,28.05,0.0
2026-02-09 19:30:00+00:00,82.22,28.04,0.5
2026-02-09 19:45:00+00:00,81.85,27.24,0.16
2026-02-09 20:00:00+00:00,81.62,26.92,0.0
2026-02-09 20:15:00+00:00,81.23,26.37,0.0
2026-02-09 20:30:00+00:00,81.08,25.66,0.0
2026-02-09 20:45:00+00:00,80.95,25.44,0.46
2026-02-09 21:00:00+00:00,80.76,24.84,0.82
2026-02-09 21:15:00+00:00,80.65,24.44,0.4
2026-02-09 21:30:00+00:00,80.56,24.58,0.0
2026-02-09 21:45:00+00:00,80.47,23.76,0.0
2026-02-09 22:00:00+00:00,80.15,23.85,0.8
2026-02-09 22:15:00+00:00,79.98,23.03,2.94
2026-02-09 22:30:00+00:00,79.92,23.19,0.3
2026-02-09 22:45:00+00:00,80.03,22.65,0.0
2026-02-09 23:00:00+00:00,79.87,22.93,0.45
2026-02-09 23:15:00+00:00,79.84,22.34,0.0
2026-02-09 23:30:00+00:00,79.85,22.36,2.62
2026-02-09 23:45:00+00:00,79.72,21.54,0.37
2026-02-10 00:00:00+00:00,79.78,21.95,0.0
2026-02-10 00:15:00+00:00,79.86,21.45,0.0
2026-02-10 00:30:00+00:00,79.96,21.46,0.0
2026-02-10 00:45:00+00:00,79.93,21.37,2.62
2026-02-10 01:00:00+00:00,80.19,21.11,0.0
2026-02-10 01:15:00+00:00,80.0,20.88,0.31
2026-02-10 01:30:00+00:00,80.23,20.75,1.15
2026-02-10 01:45:00+00:00,80.26,20.44,0.0
2026-02-10 02:00:00+00:00,80.37,20.81,0.39
2026-02-10 02:15:00+00:00,80.22,21.33,0.55
2026-02-10 02:30:00+00:00,80.26,20.7,0.0
2026-02-10 02:45:00+00:00,80.38,20.83,0.51
2026-02-10 03:00:00+00:00,80.11,21.87,0.0
2026-02-10 03:15:00+00:00,79.98,21.25,0.26
2026-02-10 03:30:00+00:00,79.56,21.68,0.07
2026-02-10 03:45:00+00:00,79.42,21.94,0.52
2026-02-10 04:00:00+00:00,79.18,22.13,2.67
2026-02-10 04:15:00+00:00,79.05,21.68,0.0
2026-02-10 04:30:00+00:00,79.37,22.3,0.0
2026-02-10 04:45:00+00:00,79.52,22.13,1.33
2026-02-10 05:00:00+00:00,79.17,23.62,0.96
2026-02-10 05:15:00+00:00,79.13,22.69,0.92
2026-02-10 05:30:00+00:00,79.12,23.16,5.51
2026-02-10 05:45:00+00:00,78.93,23.48,1.23
2026-02-10 06:00:00+00:00,78.82,23.68,2.26
2026-02-10 06:15:00+00:00,78.71,24.88,4.15
2026-02-10 06:30:00+00:00,78.34,25.56,7.52
2026-02-10 06:45:00+00:00,78.02,25.05,13.58
2026-02-10 07:00:00+00:00,77.88,25.18,20.28
2026-02-10 07:15:00+00:00,77.73,25.28,24.23
2026-02-10 07:30:00+00:00,77.43,26.27,28.69
2026-02-10 07:45:00+00:00,77.12,26.64,31.79
2026-02-10 08:00:00+00:00,76.9,26.93,35.68
2026-02-10 08:15:00+00:00,76.82,27.58,40.12
2026-02-10 08:30:00+00:00,76.59,28.03,45.8
2026-02-10 08:45:00+00:00,76.6,28.39,49.72
2026-02-10 09:00:00+00:00,76.26,28.58,49.5
2026-02-10 09:15:00+00:00,76.05,28.72,56.3
2026-02-10 09:30:00+00:00,75.74,29.62,56.5
2026-02-10 09:45:00+00:00,75.58,29.78,61.52
2026-02-10 10:00:00+00:00,75.19,30.39,62.71
2026-02-10 10:15:00+00:00,75.2,30.7,68.47
2026-02-10 10:30:00+00:00,74.68,30.35,66.47
2026-02-10 10:45:00+00:00,74.67,30.65,69.35
2026-02-10 11:00:00+00:00,74.4,31.14,71.59
2026-02-10 11:15:00+00:00,74.19,31.32,69.71
2026-02-10 11:30:00+00:00,74.1,32.11,72.09
2026-02-10 11:45:00+00:00,73.93,32.22,72.17
2026-02-10 12:00:00+00:00,73.51,32.65,71.83
2026-02-10 12:15:00+00:00,73.3,32.63,71.82
2026-02-10 12:30:00+00:00,73.27,32.73,74.46
2026-02-10 12:45:00+00:00,72.82,33.17,70.26
2026-02-10 13:00:00+00:00,72.83,33.06,71.51
2026-02-10 13:15:00+00:00,72.58,33.03,69.62
2026-02-10 13:30:00+00:00,72.2,33.52,64.52
2026-02-10 13:45:00+00:00,71.75,33.15,66.38
2026-02-10 14:00:00+00:00,71.41,33.03,60.27
2026-02-10 14:15:00+00:00,70.81,32.86,61.83
2026-02-10 14:30:00+00:00,70.44,33.29,56.79
2026-02-10 14:45:00+00:00,70.1,33.38,54.79
2026-02-10 15:00:00+00:00,69.64,32.91,48.93
2026-02-10 15:15:00+00:00,69.45,33.2,48.28
2026-02-10 15:30:00+00:00,69.13,32.08,46.21
2026-02-10 15:45:00+00:00,68.75,32.49,38.86
2026-02-10 16:00:00+00:00,68.42,32.31,35.21
2026-02-10 16:15:00+00:00,68.2,31.9,33.13
2026-02-10 16:30:00+00:00,67.92,32.6,28.84
2026-02-10 16:45:00+00:00,67.56,31.62,18.55
2026-02-10 17:00:00+00:00,67.31,31.25,22.89
2026-02-10 17:15:00+00:00,67.05,31.09,15.27
2026-02-10 17:30:00+00:00,66.64,30.18,10.9
2026-02-10 17:45:00+00:00,66.36,30.23,4.48
2026-02-10 18:00:00+00:00,66.21,30.42,0.0
2026-02-10 18:15:00+00:00,66.08,29.59,1.35
2026-02-10 18:30:00+00:00,65.82,29.17,0.0
2026-02-10 18:45:00+00:00,65.7,29.45,1.09
2026-02-10 19:00:00+00:00,65.34,29.08,0.0
2026-02-10 19:15:00+00:00,64.99,28.45,0.48
2026-02-10 19:30:00+00:00,64.76,27.77,0.0
2026-02-10 19:45:00+00:00,64.79,27.45,1.73
2026-02-10 20:00:00+00:00,64.63,26.88,0.0
2026-02-10 20:15:00+00:00,64.41,26.44,4.49
2026-02-10 20:30:00+00:00,64.47,26.03,4.48
2026-02-10 20:45:00+00:00,64.26,25.77,3.27
2026-02-10 21:00:00+00:00,64.43,25.26,2.55
2026-02-10 21:15:00+00:00,64.2,24.73,0.0
2026-02-10 21:30:00+00:00,63.9,24.9,2.33
2026-02-10 21:45:00+00:00,63.73,24.54,0.0
2026-02-10 22:00:00+00:00,63.54,24.64,0.0
2026-02-10 22:15:00+00:00,63.28,23.59,3.01
2026-02-10 22:30:00+00:00,63.54,23.56,2.26
2026-02-10 22:45:00+00:00,63.46,23.26,0.0
2026-02-10 23:00:00+00:00,63.4,22.81,0.0
2026-02-10 23:15:00+00:00,63.21,22.84,0.0
2026-02-10 23:30:00+00:00,63.01,22.6,0.0
2026-02-10 23:45:00+00:00,63.05,22.24,1.89
2026-02-11 00:00:00+00:00,62.68,22.12,0.0
2026-02-11 00:15:00+00:00,62.4,21.91,0.57
2026-02-11 00:30:00+00:00,62.26,21.44,0.0
2026-02-11 00:45:00+00:00,62.36,21.47,0.0
2026-02-11 01:00:00+00:00,62.21,21.42,0.48
2026-02-11 01:15:00+00:00,62.17,21.18,0.0
2026-02-11 01:30:00+00:00,62.07,21.58,1.68
2026-02-11 01:45:00+00:00,62.16,21.77,0.0
2026-02-11 02:00:00+00:00,61.82,21.13,0.0
2026-02-11 02:15:00+00:00,61.83,21.5,0.0
2026-02-11 02:30:00+00:00,61.71,21.14,0.0
2026-02-11 02:45:00+00:00,61.74,21.42,3.6
2026-02-11 03:00:00+00:00,61.51,21.39,4.17
2026-02-11 03:15:00+00:00,61.41,21.9,0.19
2026-02-11 03:30:00+00:00,61.29,21.65,0.0
2026-02-11 03:45:00+00:00,61.02,22.32,0.0
2026-02-11 04:00:00+00:00,60.72,22.13,1.75
2026-02-11 04:15:00+00:00,60.52,22.21,0.0
2026-02-11 04:30:00+00:00,60.42,22.26,0.48
2026-02-11 04:45:00+00:00,60.19,22.96,0.0
2026-02-11 05:00:00+00:00,60.01,23.42,0.0
2026-02-11 05:15:00+00:00,59.59,23.52,0.0
2026-02-11 05:30:00+00:00,59.39,24.42,0.59
2026-02-11 05:45:00+00:00,59.39,24.49,0.0
2026-02-11 06:00:00+00:00,59.35,24.31,0.9
2026-02-11 06:15:00+00:00,59.19,24.65,4.52
2026-02-11 06:30:00+00:00,59.06,25.24,11.16
2026-02-11 06:45:00+00:00,58.77,25.22,19.07
2026-02-11 07:00:00+00:00,58.83,26.19,21.29
2026-02-11 07:15:00+00:00,58.95,26.34,28.7
2026-02-11 07:30:00+00:00,58.78,26.69,28.39
2026-02-11 07:45:00+00:00,58.96,27.21,36.02
2026-02-11 08:00:00+00:00,58.64,27.91,41.84
2026-02-11 08:15:00+00:00,58.23,27.84,50.27
2026-02-11 08:30:00+00:00,57.9,28.15,46.95
2026-02-11 08:45:00+00:00,57.62,29.02,54.9
2026-02-11 09:00:00+00:00,57.72,29.24,62.0
2026-02-11 09:15:00+00:00,57.43,29.23,61.25
2026-02-11 09:30:00+00:00,57.04,29.7,65.87
2026-02-11 09:45:00+00:00,56.64,30.11,70.14
2026-02-11 10:00:00+00:00,56.54,30.51,72.73
2026-02-11 10:15:00+00:00,56.41,30.32,78.07
2026-02-11 10:30:00+00:00,56.06,30.59,78.1
2026-02-11 10:45:00+00:00,55.49,31.09,81.78
2026-02-11 11:00:00+00:00,55.03,31.35,79.99
2026-02-11 11:15:00+00:00,55.0,31.72,80.47
2026-02-11 11:30:00+00:00,54.79,32.35,82.39
2026-02-11 11:45:00+00:00,54.5,32.34,81.06
2026-02-11 12:00:00+00:00,54.47,32.65,84.53
2026-02-11 12:15:00+00:00,54.45,32.41,82.61
2026-02-11 12:30:00+00:00,54.13,32.8,81.5
2026-02-11 12:45:00+00:00,53.81,33.26,82.95
2026-02-11 13:00:00+00:00,53.4,33.37,78.42
2026-02-11 13:15:00+00:00,53.05,33.06,80.67
2026-02-11 13:30:00+00:00,52.5,33.39,76.24
2026-02-11 13:45:00+00:00,51.95,34.04,77.26
2026-02-11 14:00:00+00:00,51.38,33.39,71.58
2026-02-11 14:15:00+00:00,51.23,33.18,70.74
2026-02-11 14:30:00+00:00,50.68,33.29,66.65
2026-02-11 14:45:00+00:00,50.66,33.31,64.31
2026-02-11 15:00:00+00:00,50.24,33.15,59.31
2026-02-11 15:15:00+00:00,50.2,33.07,51.77
2026-02-11 15:30:00+00:00,49.85,32.51,52.89
2026-02-11 15:45:00+00:00,49.33,32.49,46.25
2026-02-11 16:00:00+00:00,49.23,32.55,43.36
2026-02-11 16:15:00+00:00,49.16,32.34,38.34
2026-02-11 16:30:00+00:00,48.74,31.99,30.43
2026-02-11 16:45:00+00:00,48.42,31.86,25.03
2026-02-11 17:00:00+00:00,48.02,31.66,22.94
2026-02-11 17:15:00+00:00,47.74,31.62,15.7
2026-02-11 17:30:00+00:00,47.51,31.02,12.78
2026-02-11 17:45:00+00:00,47.21,30.85,5.11
2026-02-11 18:00:00+00:00,46.7,30.24,2.05
2026-02-11 18:15:00+00:00,46.38,30.22,0.85
2026-02-11 18:30:00+00:00,46.26,29.81,0.58
2026-02-11 18:45:00+00:00,46.0,29.59,0.0
2026-02-11 19:00:00+00:00,45.74,29.16,0.46
2026-02-11 19:15:00+00:00,45.38,28.74,2.39
2026-02-11 19:30:00+00:00,45.09,28.15,0.0
2026-02-11 19:45:00+00:00,45.1,27.86,1.06
2026-02-11 20:00:00+00:00,44.74,27.72,0.09
2026-02-11 20:15:00+00:00,44.66,26.81,0.25
2026-02-11 20:30:00+00:00,44.49,26.43,3.45
2026-02-11 20:45:00+00:00,44.35,26.28,2.4
2026-02-11 21:00:00+00:00,44.07,25.97,0.16
2026-02-11 21:15:00+00:00,43.86,25.22,0.43
2026-02-11 21:30:00+00:00,43.71,25.08,0.0
2026-02-11 21:45:00+00:00,43.48,24.72,0.0
2026-02-11 22:00:00+00:00,43.39,23.73,0.62
2026-02-11 22:15:00+00:00,43.32,24.0,1.7
2026-02-11 22:30:00+00:00,43.51,23.7,1.5
2026-02-11 22:45:00+00:00,43.42,23.39,0.0
2026-02-11 23:00:00+00:00,43.0,23.58,1.95
2026-02-11 23:15:00+00:00,43.05,22.52,0.0
2026-02-11 23:30:00+00:00,42.91,22.39,0.0
2026-02-11 23:45:00+00:00,43.1,21.63,2.67
2026-02-12 00:00:00+00:00,43.22,21.72,2.93
2026-02-12 00:15:00+00:00,43.04,21.56,0.53
2026-02-12 00:30:00+00:00,43.04,21.37,1.42
2026-02-12 00:45:00+00:00,42.85,21.72,1.53
2026-02-12 01:00:00+00:00,42.74,21.53,2.79
2026-02-12 01:15:00+00:00,42.75,21.2,1.46
2026-02-12 01:30:00+00:00,42.82,21.0,0.0
2026-02-12 01:45:00+00:00,42.85,21.39,4.02
2026-02-12 02:00:00+00:00,42.76,21.06,2.13
2026-02-12 02:15:00+00:00,43.04,20.83,0.0
2026-02-12 02:30:00+00:00,42.9,20.6,0.0
2026-02-12 02:45:00+00:00,42.56,21.05,1.01
2026-02-12 03:00:00+00:00,42.25,21.5,0.0
2026-02-12 03:15:00+00:00,42.36,22.07,0.66
2026-02-12 03:30:00+00:00,42.24,21.54,1.49
2026-02-12 03:45:00+00:00,42.17,21.45,0.0
2026-02-12 04:00:00+00:00,41.98,21.51,0.0
2026-02-12 04:15:00+00:00,41.8,22.24,0.77
2026-02-12 04:30:00+00:00,41.57,21.78,0.0
2026-02-12 04:45:00+00:00,41.52,22.72,0.29
2026-02-12 05:00:00+00:00,41.38,23.07,0.0
2026-02-12 05:15:00+00:00,41.32,23.24,0.0
2026-02-12 05:30:00+00:00,41.24,23.35,1.43
2026-02-12 05:45:00+00:00,41.04,23.9,1.21
2026-02-12 06:00:00+00:00,40.68,24.12,0.0
2026-02-12 06:15:00+00:00,40.3,24.18,2.94
2026-02-12 06:30:00+00:00,40.59,25.32,10.56
2026-02-12 06:45:00+00:00,40.65,25.03,16.85
2026-02-12 07:00:00+00:00,40.67,25.74,21.68
2026-02-12 07:15:00+00:00,40.4,25.17,24.89
2026-02-12 07:30:00+00:00,40.21,26.66,31.45
2026-02-12 07:45:00+00:00,39.88,27.11,38.67
2026-02-12 08:00:00+00:00,39.47,27.07,40.72
2026-02-12 08:15:00+00:00,39.17,27.62,41.53
2026-02-12 08:30:00+00:00,39.15,28.02,49.49
2026-02-12 08:45:00+00:00,39.04,28.04,57.25
2026-02-12 09:00:00+00:00,38.66,28.78,54.44
2026-02-12 09:15:00+00:00,38.37,28.75,60.68
2026-02-12 09:30:00+00:00,38.23,29.18,63.51
2026-02-12 09:45:00+00:00,37.88,30.06,67.23
2026-02-12 10:00:00+00:00,37.62,30.36,70.22
2026-02-12 10:15:00+00:00,37.41,30.19,74.59
2026-02-12 10:30:00+00:00,37.2,30.5,74.66
2026-02-12 10:45:00+00:00,36.95,30.83,78.9
2026-02-12 11:00:00+00:00,36.56,31.53,77.65
2026-02-12 11:15:00+00:00,36.19,31.28,78.38
2026-02-12 11:30:00+00:00,35.72,31.93,78.6
2026-02-12 11:45:00+00:00,35.19,32.28,76.82
2026-02-12 12:00:00+00:00,34.87,32.23,81.18
2026-02-12 12:15:00+00:00,34.68,32.75,84.56
2026-02-12 12:30:00+00:00,34.16,32.52,80.86
2026-02-12 12:45:00+00:00,33.89,32.68,80.45
2026-02-12 13:00:00+00:00,33.7,32.57,77.06
2026-02-12 13:15:00+00:00,33.11,33.25,75.86
2026-02-12 13:30:00+00:00,32.76,32.78,76.46
2026-02-12 13:45:00+00:00,32.69,33.16,76.33
2026-02-12 14:00:00+00:00,32.46,33.04,72.8
2026-02-12 14:15:00+00:00,31.87,32.74,68.65
2026-02-12 14:30:00+00:00,31.67,32.83,64.04
2026-02-12 14:45:00+00:00,31.25,33.36,61.04
2026-02-12 15:00:00+00:00,31.05,32.92,55.51
2026-02-12 15:15:00+00:00,30.65,32.44,50.27
2026-02-12 15:30:00+00:00,30.35,32.7,46.83
2026-02-12 15:45:00+00:00,92.5,32.4,44.89
2026-02-12 16:00:00+00:00,92.12,33.3,39.73
2026-02-12 16:15:00+00:00,91.81,32.14,32.72
2026-02-12 16:30:00+00:00,91.36,31.71,30.78
2026-02-12 16:45:00+00:00,91.16,32.0,25.28
2026-02-12 17:00:00+00:00,90.93,30.76,18.52
2026-02-12 17:15:00+00:00,90.44,31.05,14.99
2026-02-12 17:30:00+00:00,90.33,31.32,9.88
2026-02-12 17:45:00+00:00,90.07,30.36,4.04
2026-02-12 18:00:00+00:00,89.87,29.54,1.85
2026-02-12 18:15:00+00:00,89.76,29.6,0.0
2026-02-12 18:30:00+00:00,89.58,29.8,0.0
2026-02-12 18:45:00+00:00,89.54,29.11,0.01
2026-02-12 19:00:00+00:00,89.29,28.37,0.19
2026-02-12 19:15:00+00:00,89.25,28.03,0.81
2026-02-12 19:30:00+00:00,89.07,27.68,0.0
2026-02-12 19:45:00+00:00,88.95,27.57,0.0
2026-02-12 20:00:00+00:00,88.82,27.47,0.0
2026-02-12 20:15:00+00:00,88.82,26.99,0.0
2026-02-12 20:30:00+00:00,88.75,26.42,3.1
2026-02-12 20:45:00+00:00,88.52,25.49,0.0
2026-02-12 21:00:00+00:00,88.27,25.11,0.0
2026-02-12 21:15:00+00:00,88.1,25.3,4.95
2026-02-12 21:30:00+00:00,87.84,24.36,0.0
2026-02-12 21:45:00+00:00,87.54,24.34,1.11
2026-02-12 22:00:00+00:00,87.07,24.16,1.29
2026-02-12 22:15:00+00:00,86.71,23.39,1.46
2026-02-12 22:30:00+00:00,86.88,23.1,0.58
2026-02-12 22:45:00+00:00,86.66,23.08,0.39
2026-02-12 23:00:00+00:00,86.82,22.97,0.2
2026-02-12 23:15:00+00:00,86.76,22.87,0.0
2026-02-12 23:30:00+00:00,86.63,22.49,0.65
2026-02-12 23:45:00+00:00,86.29,22.1,4.06
2026-02-13 00:00:00+00:00,86.18,21.76,2.42
2026-02-13 00:15:00+00:00,86.37,21.48,0.61
2026-02-13 00:30:00+00:00,86.5,21.48,1.71
2026-02-13 00:45:00+00:00,86.43,21.62,0.0
2026-02-13 01:00:00+00:00,86.16,21.49,0.0
2026-02-13 01:15:00+00:00,85.92,20.67,1.9
2026-02-13 01:30:00+00:00,85.7,21.0,2.97
2026-02-13 01:45:00+00:00,85.79,21.56,0.0
2026-02-13 02:00:00+00:00,85.93,21.2,0.0
2026-02-13 02:15:00+00:00,85.87,20.77,4.36
2026-02-13 02:30:00+00:00,85.72,21.94,0.19
2026-02-13 02:45:00+00:00,85.85,21.29,3.65
2026-02-13 03:00:00+00:00,85.6,21.5,0.41
2026-02-13 03:15:00+00:00,85.5,21.62,0.49
2026-02-13 03:30:00+00:00,85.47,21.53,0.0
2026-02-13 03:45:00+00:00,85.23,21.58,1.89
2026-02-13 04:00:00+00:00,85.02,22.62,2.72
2026-02-13 04:15:00+00:00,84.79,22.49,0.0
2026-02-13 04:30:00+00:00,84.89,22.67,0.0
2026-02-13 04:45:00+00:00,85.05,22.84,1.83
2026-02-13 05:00:00+00:00,84.95,22.64,0.0
2026-02-13 05:15:00+00:00,84.77,23.61,0.0
2026-02-13 05:30:00+00:00,84.55,23.28,2.02
2026-02-13 05:45:00+00:00,84.41,23.93,2.21
2026-02-13 06:00:00+00:00,84.19,23.69,0.0
2026-02-13 06:15:00+00:00,84.04,23.91,6.64
2026-02-13 06:30:00+00:00,83.94,24.98,10.0
2026-02-13 06:45:00+00:00,83.72,25.01,16.76
2026-02-13 07:00:00+00:00,83.52,25.03,24.86
2026-02-13 07:15:00+00:00,83.3,26.17,30.63
2026-02-13 07:30:00+00:00,83.05,27.03,34.46
2026-02-13 07:45:00+00:00,82.78,27.21,40.63
2026-02-13 08:00:00+00:00,82.68,27.1,45.42
2026-02-13 08:15:00+00:00,82.2,27.58,53.74
2026-02-13 08:30:00+00:00,82.2,28.23,53.96
2026-02-13 08:45:00+00:00,81.98,28.69,60.68
2026-02-13 09:00:00+00:00,81.83,28.63,63.52
2026-02-13 09:15:00+00:00,81.69,29.12,72.34
2026-02-13 09:30:00+00:00,81.32,29.57,71.84
2026-02-13 09:45:00+00:00,80.92,30.0,79.13
2026-02-13 10:00:00+00:00,80.49,30.14,85.64
2026-02-13 10:15:00+00:00,80.17,30.48,88.64
2026-02-13 10:30:00+00:00,79.98,31.25,84.25
2026-02-13 10:45:00+00:00,79.6,31.5,90.65
2026-02-13 11:00:00+00:00,79.39,31.57,89.88
2026-02-13 11:15:00+00:00,78.73,32.21,90.88
2026-02-13 11:30:00+00:00,78.36,31.83,94.06
2026-02-13 11:45:00+00:00,78.22,32.66,97.35
2026-02-13 12:00:00+00:00,77.88,32.54,96.3
2026-02-13 12:15:00+00:00,77.42,33.54,93.46
2026-02-13 12:30:00+00:00,77.01,32.37,95.69
2026-02-13 12:45:00+00:00,76.24,32.66,88.78
2026-02-13 13:00:00+00:00,75.77,33.1,90.35
2026-02-13 13:15:00+00:00,75.61,33.18,88.4
2026-02-13 13:30:00+00:00,75.19,33.71,88.01
2026-02-13 13:45:00+00:00,74.8,32.97,84.88
2026-02-13 14:00:00+00:00,74.13,33.45,82.07
2026-02-13 14:15:00+00:00,73.56,33.52,78.72
2026-02-13 14:30:00+00:00,73.42,33.34,75.49
2026-02-13 14:45:00+00:00,73.21,32.78,72.58
2026-02-13 15:00:00+00:00,72.7,33.4,67.54
2026-02-13 15:15:00+00:00,72.3,33.23,62.13
2026-02-13 15:30:00+00:00,71.99,32.9,58.69
2026-02-13 15:45:00+00:00,71.51,32.62,54.49
2026-02-13 16:00:00+00:00,70.92,32.44,46.44
2026-02-13 16:15:00+00:00,70.61,32.15,41.94
2026-02-13 16:30:00+00:00,70.42,32.13,38.72
2026-02-13 16:45:00+00:00,70.24,31.7,28.36
2026-02-13 17:00:00+00:00,70.11,31.17,28.22
2026-02-13 17:15:00+00:00,69.62,30.82,15.87
2026-02-13 17:30:00+00:00,69.39,30.61,11.72
2026-02-13 17:45:00+00:00,69.11,30.58,4.32
2026-02-13 18:00:00+00:00,68.86,30.17,4.38
2026-02-13 18:15:00+00:00,68.6,29.9,0.0
2026-02-13 18:30:00+00:00,68.28,29.63,0.0
2026-02-13 18:45:00+00:00,67.61,28.92,0.0
2026-02-13 19:00:00+00:00,67.57,29.17,0.19
2026-02-13 19:15:00+00:00,67.41,28.27,0.0
2026-02-13 19:30:00+00:00,66.99,27.83,0.0
2026-02-13 19:45:00+00:00,66.87,27.72,0.0
2026-02-13 20:00:00+00:00,66.62,26.63,0.11
2026-02-13 20:15:00+00:00,66.38,26.55,0.04
2026-02-13 20:30:00+00:00,66.08,26.69,2.08
2026-02-13 20:45:00+00:00,66.0,25.49,2.62
2026-02-13 21:00:00+00:00,65.71,25.96,0.0
2026-02-13 21:15:00+00:00,65.38,25.71,1.63
2026-02-13 21:30:00+00:00,65.4,24.77,0.0
2026-02-13 21:45:00+00:00,65.22,24.61,1.53
2026-02-13 22:00:00+00:00,65.05,24.52,0.0
2026-02-13 22:15:00+00:00,65.02,23.71,0.0
2026-02-13 22:30:00+00:00,64.78,23.79,0.0
2026-02-13 22:45:00+00:00,64.58,23.02,2.8
2026-02-13 23:00:00+00:00,64.51,22.79,0.36
2026-02-13 23:15:00+00:00,64.16,22.43,2.99
2026-02-13 23:30:00+00:00,64.07,22.52,0.0
2026-02-13 23:45:00+00:00,63.84,22.54,2.1
2026-02-14 00:00:00+00:00,63.86,21.99,0.0
2026-02-14 00:15:00+00:00,63.84,21.48,0.45
2026-02-14 00:30:00+00:00,63.8,21.37,0.43
2026-02-14 00:45:00+00:00,63.45,21.68,1.32
2026-02-14 01:00:00+00:00,63.33,22.0,0.5
2026-02-14 01:15:00+00:00,63.05,21.47,0.0
2026-02-14 01:30:00+00:00,62.95,21.17,1.76
2026-02-14 01:45:00+00:00,62.49,21.48,3.46
2026-02-14 02:00:00+00:00,62.17,21.17,0.0
2026-02-14 02:15:00+00:00,62.25,21.14,0.0
2026-02-14 02:30:00+00:00,62.21,21.0,1.0
2026-02-14 02:45:00+00:00,62.05,21.78,0.0
2026-02-14 03:00:00+00:00,61.82,20.68,0.0
2026-02-14 03:15:00+00:00,61.55,21.8,1.11
2026-02-14 03:30:00+00:00,61.48,21.56,0.0
2026-02-14 03:45:00+00:00,61.32,21.73,0.0
2026-02-14 04:00:00+00:00,61.43,22.55,0.0
2026-02-14 04:15:00+00:00,61.29,22.04,2.94
2026-02-14 04:30:00+00:00,61.19,22.28,0.06
2026-02-14 04:45:00+00:00,60.86,22.69,0.0
2026-02-14 05:00:00+00:00,60.68,23.12,0.0
2026-02-14 05:15:00+00:00,60.58,23.15,0.28
2026-02-14 05:30:00+00:00,60.4,23.11,0.0
2026-02-14 05:45:00+00:00,60.19,23.65,0.0
2026-02-14 06:00:00+00:00,60.09,24.62,1.27
2026-02-14 06:15:00+00:00,60.16,24.61,5.61
2026-02-14 06:30:00+00:00,60.02,25.08,7.73
2026-02-14 06:45:00+00:00,60.03,25.23,13.24
2026-02-14 07:00:00+00:00,59.95,25.49,17.17
2026-02-14 07:15:00+00:00,59.93,26.57,22.06
2026-02-14 07:30:00+00:00,59.65,26.4,26.04
2026-02-14 07:45:00+00:00,59.42,26.71,23.48
2026-02-14 08:00:00+00:00,59.18,27.57,31.96
2026-02-14 08:15:00+00:00,59.05,27.41,37.08
2026-02-14 08:30:00+00:00,58.96,27.84,38.68
2026-02-14 08:45:00+00:00,58.75,28.41,42.85
2026-02-14 09:00:00+00:00,58.64,28.79,47.38
2026-02-14 09:15:00+00:00,58.32,29.25,48.94
2026-02-14 09:30:00+00:00,58.19,30.16,54.49
2026-02-14 09:45:00+00:00,58.08,29.99,56.2
2026-02-14 10:00:00+00:00,57.93,29.53,55.95
2026-02-14 10:15:00+00:00,57.69,30.67,57.79
2026-02-14 10:30:00+00:00,57.52,30.9,54.24
2026-02-14 10:45:00+00:00,57.11,31.21,60.78
2026-02-14 11:00:00+00:00,56.86,31.56,59.96
2026-02-14 11:15:00+00:00,56.61,31.74,64.08
2026-02-14 11:30:00+00:00,56.12,31.98,64.63
2026-02-14 11:45:00+00:00,55.89,32.41,66.13
2026-02-14 12:00:00+00:00,55.41,32.27,67.67
2026-02-14 12:15:00+00:00,55.05,32.34,64.69
2026-02-14 12:30:00+00:00,54.73,33.69,68.89
2026-02-14 12:45:00+00:00,54.32,32.71,64.1
2026-02-14 13:00:00+00:00,54.03,33.06,60.05
2026-02-14 13:15:00+00:00,53.74,32.68,60.31
2026-02-14 13:30:00+00:00,53.3,33.22,59.2
2026-02-14 13:45:00+00:00,53.09,32.95,59.37
2026-02-14 14:00:00+00:00,52.67,33.11,54.29
2026-02-14 14:15:00+00:00,52.7,33.54,53.35
2026-02-14 14:30:00+00:00,52.38,33.33,51.15
2026-02-14 14:45:00+00:00,51.9,33.29,47.88
2026-02-14 15:00:00+00:00,51.46,32.5,47.5
2026-02-14 15:15:00+00:00,51.33,33.47,44.06
2026-02-14 15:30:00+00:00,50.98,32.42,41.83
2026-02-14 15:45:00+00:00,50.48,33.08,35.38
2026-02-14 16:00:00+00:00,50.32,32.74,34.85
2026-02-14 16:15:00+00:00,49.98,32.4,25.97
2026-02-14 16:30:00+00:00,49.81,31.74,22.05
2026-02-14 16:45:00+00:00,49.69,31.8,18.43
2026-02-14 17:00:00+00:00,49.47,31.34,16.81
2026-02-14 17:15:00+00:00,49.57,31.2,15.06
2026-02-14 17:30:00+00:00,49.07,30.82,7.26
2026-02-14 17:45:00+00:00,48.71,29.96,3.29
2026-02-14 18:00:00+00:00,48.44,30.58,0.0
2026-02-14 18:15:00+00:00,48.55,29.87,1.15
2026-02-14 18:30:00+00:00,48.6,29.39,0.0
2026-02-14 18:45:00+00:00,48.57,29.0,0.0
2026-02-14 19:00:00+00:00,48.24,28.9,0.0
2026-02-14 19:15:00+00:00,47.94,28.14,0.0
2026-02-14 19:30:00+00:00,47.62,27.35,2.35
2026-02-14 19:45:00+00:00,47.31,27.75,0.18
2026-02-14 20:00:00+00:00,47.34,27.39,0.0
2026-02-14 20:15:00+00:00,47.12,26.79,2.47
2026-02-14 20:30:00+00:00,46.93,26.11,0.0
2026-02-14 20:45:00+00:00,46.88,26.1,2.84
2026-02-14 21:00:00+00:00,46.47,25.25,2.81
2026-02-14 21:15:00+00:00,46.32,25.0,0.11
2026-02-14 21:30:00+00:00,46.0,24.72,0.0
2026-02-14 21:45:00+00:00,45.81,24.84,4.58
2026-02-14 22:00:00+00:00,45.58,24.13,0.77
2026-02-14 22:15:00+00:00,45.34,23.77,0.0
2026-02-14 22:30:00+00:00,45.23,24.17,1.91
2026-02-14 22:45:00+00:00,45.13,23.39,1.4
2026-02-14 23:00:00+00:00,44.97,23.1,2.62
2026-02-14 23:15:00+00:00,44.91,22.62,0.0
2026-02-14 23:30:00+00:00,44.67,22.3,0.64
2026-02-14 23:45:00+00:00,44.66,21.59,0.0
